"Date","Price","Open","High","Low","Vol.","Change %"
"Dec 31, 2019","441.93","441.93","441.93","441.93","-","-0.02%"
"Dec 30, 2019","442.00","442.00","442.00","442.00","-","0.00%"
"Dec 27, 2019","442.00","442.00","442.00","442.00","-","-0.11%"
"Dec 24, 2019","442.50","442.50","442.50","442.50","-","0.00%"
"Dec 23, 2019","442.50","442.50","442.50","442.50","0.03K","-0.34%"
"Dec 20, 2019","444.00","444.00","444.00","444.00","-","0.00%"
"Dec 19, 2019","444.00","444.00","444.00","444.00","-","-0.45%"
"Dec 18, 2019","446.00","446.00","446.00","446.00","-","0.22%"
"Dec 17, 2019","445.00","445.00","445.00","445.00","-","-0.22%"
"Dec 16, 2019","446.00","446.00","446.00","446.00","-","-2.19%"
"Dec 13, 2019","456.00","456.00","456.00","456.00","0.00K","0.55%"
"Dec 12, 2019","453.50","453.50","453.50","453.50","0.04K","2.02%"
"Dec 11, 2019","444.50","444.50","444.50","444.50","0.00K","-0.22%"
"Dec 10, 2019","445.50","445.50","445.50","445.50","-","0.00%"
"Dec 09, 2019","445.50","445.50","445.50","445.50","-","0.56%"
"Dec 06, 2019","443.00","443.00","443.00","443.00","0.08K","2.07%"
"Dec 05, 2019","434.00","434.00","434.00","434.00","0.02K","-0.91%"
"Dec 04, 2019","438.00","438.00","438.00","438.00","0.05K","1.62%"
"Dec 03, 2019","431.00","431.00","431.00","431.00","0.02K","0.00%"
"Dec 02, 2019","431.00","431.00","431.00","431.00","-","3.25%"
"Nov 29, 2019","417.43","417.43","417.43","417.43","-","-0.14%"
"Nov 28, 2019","418.00","418.00","418.00","418.00","0.00K","0.00%"
"Nov 27, 2019","418.00","418.00","418.00","418.00","0.00K","-0.24%"
"Nov 26, 2019","419.00","419.00","419.00","419.00","0.02K","-0.24%"
"Nov 25, 2019","420.00","420.00","420.00","420.00","-","0.00%"
"Nov 22, 2019","420.00","420.00","420.00","420.00","-","0.00%"
"Nov 21, 2019","420.00","420.00","420.00","420.00","-","-0.36%"
"Nov 20, 2019","421.50","421.50","421.50","421.50","0.05K","0.12%"
"Nov 19, 2019","421.00","421.00","421.00","421.00","-","-0.47%"
"Nov 18, 2019","423.00","423.00","423.00","423.00","-","0.48%"
"Nov 15, 2019","421.00","421.00","421.00","421.00","-","-0.36%"
"Nov 14, 2019","422.50","422.50","422.50","422.50","0.02K","1.08%"
"Nov 13, 2019","418.00","418.00","418.00","418.00","-","0.24%"
"Nov 12, 2019","417.00","417.00","417.00","417.00","-","-0.48%"
"Nov 11, 2019","419.00","419.00","419.00","419.00","-","-1.06%"
"Nov 08, 2019","423.50","423.50","423.50","423.50","0.03K","0.12%"
"Nov 07, 2019","423.00","423.00","423.00","423.00","0.05K","1.20%"
"Nov 06, 2019","418.00","418.00","418.00","418.00","-","-0.36%"
"Nov 05, 2019","419.50","419.50","419.50","419.50","0.05K","0.96%"
"Nov 04, 2019","415.50","415.50","415.50","415.50","0.12K","-0.12%"
"Nov 01, 2019","416.00","416.00","416.00","416.00","-","2.69%"
"Oct 31, 2019","405.10","405.10","405.10","405.10","-","-0.10%"
"Oct 30, 2019","405.50","405.50","405.50","405.50","-","-0.12%"
"Oct 29, 2019","406.00","406.00","406.00","406.00","-","0.00%"
"Oct 28, 2019","406.00","406.00","406.00","406.00","-","-0.37%"
"Oct 25, 2019","407.50","407.50","407.50","407.50","-","0.62%"
"Oct 24, 2019","405.00","405.00","405.00","405.00","-","0.00%"
"Oct 23, 2019","405.00","405.00","405.00","405.00","-","0.00%"
"Oct 22, 2019","405.00","405.00","405.00","405.00","-","0.00%"
"Oct 21, 2019","405.00","405.00","405.00","405.00","-","0.00%"
"Oct 18, 2019","405.00","405.00","405.00","405.00","-","0.25%"
"Oct 17, 2019","404.00","404.00","404.00","404.00","-","0.00%"
"Oct 16, 2019","404.00","404.00","404.00","404.00","-","0.25%"
"Oct 15, 2019","403.00","403.00","403.00","403.00","-","-0.49%"
"Oct 14, 2019","405.00","405.00","405.00","405.00","-","-0.49%"
"Oct 11, 2019","407.00","407.00","407.00","407.00","0.00K","0.12%"
"Oct 10, 2019","406.50","406.50","406.50","406.50","-","0.37%"
"Oct 09, 2019","405.00","405.00","405.00","405.00","-","-0.49%"
"Oct 08, 2019","407.00","407.00","407.00","407.00","-","-0.97%"
"Oct 07, 2019","411.00","411.00","411.00","411.00","0.01K","1.73%"
"Oct 04, 2019","404.00","404.00","404.00","404.00","0.04K","1.25%"
"Oct 03, 2019","399.00","399.00","399.00","399.00","-","0.25%"
"Oct 02, 2019","398.00","398.00","398.00","398.00","-","0.76%"
"Oct 01, 2019","395.00","395.00","395.00","395.00","0.00K","-4.30%"
"Sep 30, 2019","412.73","412.73","412.73","412.73","0.00K","0.18%"
"Sep 27, 2019","412.00","412.00","412.00","412.00","0.00K","-0.24%"
"Sep 26, 2019","413.00","413.00","413.00","413.00","-","0.24%"
"Sep 25, 2019","412.00","412.00","412.00","412.00","-","0.00%"
"Sep 24, 2019","412.00","412.00","412.00","412.00","-","0.00%"
"Sep 23, 2019","412.00","412.00","412.00","412.00","-","0.00%"
"Sep 20, 2019","412.00","412.00","412.00","412.00","0.00K","-0.72%"
"Sep 19, 2019","415.00","415.00","415.00","415.00","-","0.00%"
"Sep 18, 2019","415.00","415.00","415.00","415.00","0.00K","-0.36%"
"Sep 17, 2019","416.50","416.50","416.50","416.50","-","-0.12%"
"Sep 16, 2019","417.00","417.00","417.00","417.00","-","0.00%"
"Sep 13, 2019","417.00","417.00","417.00","417.00","0.02K","-1.07%"
"Sep 12, 2019","421.50","421.50","421.50","421.50","0.05K","0.48%"
"Sep 11, 2019","419.50","419.50","419.50","419.50","-","-0.47%"
"Sep 10, 2019","421.50","421.50","421.50","421.50","0.00K","0.00%"
"Sep 09, 2019","421.50","421.50","421.50","421.50","0.04K","1.44%"
"Sep 06, 2019","415.50","415.50","415.50","415.50","0.03K","-1.07%"
"Sep 05, 2019","420.00","420.00","420.00","420.00","0.05K","-2.33%"
"Sep 04, 2019","430.00","430.00","430.00","430.00","0.05K","-1.49%"
"Sep 03, 2019","436.50","436.50","436.50","436.50","0.23K","-1.47%"
"Sep 02, 2019","443.00","443.00","443.00","443.00","0.01K","-1.24%"
"Aug 30, 2019","448.55","448.55","448.55","448.55","0.00K","0.12%"
"Aug 29, 2019","448.00","448.00","448.00","448.00","0.00K","0.00%"
"Aug 28, 2019","448.00","448.00","448.00","448.00","-","0.00%"
"Aug 27, 2019","448.00","448.00","448.00","448.00","-","0.22%"
"Aug 23, 2019","447.00","447.00","447.00","447.00","-","0.45%"
"Aug 22, 2019","445.00","445.00","445.00","445.00","-","0.11%"
"Aug 21, 2019","444.50","444.50","444.50","444.50","0.02K","-1.66%"
"Aug 20, 2019","452.00","452.00","452.00","452.00","-","0.22%"
"Aug 19, 2019","451.00","451.00","451.00","451.00","-","-0.22%"
"Aug 16, 2019","452.00","452.00","452.00","452.00","-","0.00%"
"Aug 15, 2019","452.00","452.00","452.00","452.00","-","-0.44%"
"Aug 14, 2019","454.00","454.00","454.00","454.00","-","0.00%"
"Aug 13, 2019","454.00","454.00","454.00","454.00","-","0.44%"
"Aug 12, 2019","452.00","452.00","452.00","452.00","-","0.00%"
"Aug 09, 2019","452.00","452.00","452.00","452.00","-","-0.88%"
"Aug 08, 2019","456.00","456.00","456.00","456.00","-","-0.87%"
"Aug 07, 2019","460.00","460.00","460.00","460.00","0.00K","-0.86%"
"Aug 06, 2019","464.00","464.00","464.00","464.00","-","0.87%"
"Aug 05, 2019","460.00","460.00","460.00","460.00","-","0.00%"
"Aug 02, 2019","460.00","460.00","460.00","460.00","0.18K","-1.08%"
"Aug 01, 2019","465.00","465.00","465.00","465.00","-","0.94%"
"Jul 31, 2019","460.65","460.65","460.65","460.65","-","-0.08%"
"Jul 30, 2019","461.00","461.00","461.00","461.00","-","0.00%"
"Jul 29, 2019","461.00","461.00","461.00","461.00","-","0.00%"
"Jul 26, 2019","461.00","461.00","461.00","461.00","-","0.00%"
"Jul 25, 2019","461.00","461.00","461.00","461.00","-","0.00%"
"Jul 24, 2019","461.00","461.00","461.00","461.00","-","-0.43%"
"Jul 23, 2019","463.00","463.00","463.00","463.00","-","0.00%"
"Jul 22, 2019","463.00","463.00","463.00","463.00","-","-0.22%"
"Jul 19, 2019","464.00","464.00","464.00","464.00","-","0.00%"
"Jul 18, 2019","464.00","464.00","464.00","464.00","-","-0.43%"
"Jul 17, 2019","466.00","466.00","466.00","466.00","-","-0.43%"
"Jul 16, 2019","468.00","468.00","468.00","468.00","-","-0.21%"
"Jul 15, 2019","469.00","469.00","469.00","469.00","0.03K","0.21%"
"Jul 12, 2019","468.00","468.00","468.00","468.00","-","0.86%"
"Jul 11, 2019","464.00","464.00","464.00","464.00","-","-0.43%"
"Jul 10, 2019","466.00","466.00","466.00","466.00","-","0.00%"
"Jul 09, 2019","466.00","466.00","466.00","466.00","-","-0.43%"
"Jul 08, 2019","468.00","468.00","468.00","468.00","-","-0.85%"
"Jul 05, 2019","472.00","472.00","472.00","472.00","-","-1.26%"
"Jul 04, 2019","478.00","478.00","478.00","478.00","-","0.00%"
"Jul 03, 2019","478.00","478.00","478.00","478.00","-","-0.21%"
"Jul 02, 2019","479.00","479.00","479.00","479.00","0.47K","0.31%"
"Jul 01, 2019","477.50","477.50","477.50","477.50","0.02K","2.13%"
"Jun 28, 2019","467.53","467.53","467.53","467.53","-","0.11%"
"Jun 27, 2019","467.00","467.00","467.00","467.00","-","0.00%"
"Jun 26, 2019","467.00","467.00","467.00","467.00","-","0.00%"
"Jun 25, 2019","467.00","467.00","467.00","467.00","-","-0.21%"
"Jun 24, 2019","468.00","468.00","468.00","468.00","-","-0.21%"
"Jun 21, 2019","469.00","469.00","469.00","469.00","-","0.00%"
"Jun 20, 2019","469.00","469.00","469.00","469.00","-","-0.21%"
"Jun 19, 2019","470.00","470.00","470.00","470.00","-","0.00%"
"Jun 18, 2019","470.00","470.00","470.00","470.00","-","0.21%"
"Jun 17, 2019","469.00","469.00","469.00","469.00","-","-0.64%"
"Jun 14, 2019","472.00","472.00","472.00","472.00","-","-0.11%"
"Jun 13, 2019","472.50","472.50","472.50","472.50","0.04K","-1.36%"
"Jun 12, 2019","479.00","479.00","479.00","479.00","-","0.00%"
"Jun 11, 2019","479.00","479.00","479.00","479.00","-","0.63%"
"Jun 10, 2019","476.00","476.00","476.00","476.00","-","0.85%"
"Jun 07, 2019","472.00","472.00","472.00","472.00","-","-0.84%"
"Jun 06, 2019","476.00","476.00","476.00","476.00","-","-0.31%"
"Jun 05, 2019","477.50","477.50","477.50","477.50","-","0.32%"
"Jun 04, 2019","476.00","476.00","476.00","476.00","-","0.85%"
"Jun 03, 2019","472.00","472.00","472.00","472.00","0.00K","0.40%"
"May 31, 2019","470.14","470.14","470.14","470.14","-","0.03%"
"May 30, 2019","470.00","470.00","470.00","470.00","-","0.00%"
"May 29, 2019","470.00","470.00","470.00","470.00","-","0.21%"
"May 28, 2019","469.00","469.00","469.00","469.00","0.00K","-0.53%"
"May 24, 2019","471.50","471.50","471.50","471.50","-","0.11%"
"May 23, 2019","471.00","471.00","471.00","471.00","0.00K","-0.21%"
"May 22, 2019","472.00","472.00","472.00","472.00","-","0.75%"
"May 21, 2019","468.50","468.50","468.50","468.50","-","0.54%"
"May 20, 2019","466.00","466.00","466.00","466.00","-","-0.75%"
"May 17, 2019","469.50","469.50","469.50","469.50","0.02K","0.75%"
"May 16, 2019","466.00","466.00","466.00","466.00","-","0.00%"
"May 15, 2019","466.00","466.00","466.00","466.00","-","0.22%"
"May 14, 2019","465.00","465.00","465.00","465.00","0.00K","-0.11%"
"May 13, 2019","465.50","465.50","465.50","465.50","0.02K","-0.11%"
"May 10, 2019","466.00","466.00","466.00","466.00","-","0.43%"
"May 09, 2019","464.00","464.00","464.00","464.00","-","0.98%"
"May 08, 2019","459.50","459.50","459.50","459.50","0.04K","-1.39%"
"May 07, 2019","466.00","466.00","466.00","466.00","0.02K","-1.06%"
"May 03, 2019","471.00","471.00","471.00","471.00","-","1.07%"
"May 02, 2019","466.00","466.00","466.00","466.00","1.53K","-2.51%"
"May 01, 2019","478.00","478.00","478.00","478.00","-","-0.45%"
"Apr 30, 2019","480.18","480.18","480.18","480.18","-","0.35%"
"Apr 29, 2019","478.50","478.50","478.50","478.50","-","1.06%"
"Apr 26, 2019","473.50","473.50","473.50","473.50","-","-0.53%"
"Apr 25, 2019","476.00","476.00","476.00","476.00","-","-0.83%"
"Apr 24, 2019","480.00","480.00","480.00","480.00","-","-0.41%"
"Apr 23, 2019","482.00","482.00","482.00","482.00","-","1.26%"
"Apr 18, 2019","476.00","476.00","476.00","476.00","-","-0.83%"
"Apr 17, 2019","480.00","480.00","480.00","480.00","-","-0.21%"
"Apr 16, 2019","481.00","481.00","481.00","481.00","-","-0.21%"
"Apr 15, 2019","482.00","482.00","482.00","482.00","-","0.42%"
"Apr 12, 2019","480.00","480.00","480.00","480.00","-","0.00%"
"Apr 11, 2019","480.00","480.00","480.00","480.00","-","-0.10%"
"Apr 10, 2019","480.50","480.50","480.50","480.50","-","-1.13%"
"Apr 09, 2019","486.00","486.00","486.00","486.00","-","-0.41%"
"Apr 08, 2019","488.00","488.00","488.00","488.00","-","1.04%"
"Apr 05, 2019","483.00","483.00","483.00","483.00","-","0.00%"
"Apr 04, 2019","483.00","483.00","483.00","483.00","-","-0.62%"
"Apr 03, 2019","486.00","486.00","486.00","486.00","0.03K","0.73%"
"Apr 02, 2019","482.50","482.50","482.50","482.50","-","-1.23%"
"Apr 01, 2019","488.50","488.50","488.50","488.50","0.11K","1.42%"
"Mar 29, 2019","481.64","481.64","481.64","481.64","-","0.03%"
"Mar 28, 2019","481.50","481.50","481.50","481.50","-","-0.52%"
"Mar 27, 2019","484.00","484.00","484.00","484.00","-","0.21%"
"Mar 26, 2019","483.00","483.00","483.00","483.00","-","0.31%"
"Mar 25, 2019","481.50","481.50","481.50","481.50","-","0.31%"
"Mar 22, 2019","480.00","480.00","480.00","480.00","-","0.00%"
"Mar 21, 2019","480.00","480.00","480.00","480.00","-","0.00%"
"Mar 20, 2019","480.00","480.00","480.00","480.00","-","0.00%"
"Mar 19, 2019","480.00","480.00","480.00","480.00","-","0.21%"
"Mar 18, 2019","479.00","479.00","479.00","479.00","-","0.63%"
"Mar 15, 2019","476.00","476.00","476.00","476.00","0.18K","-1.04%"
"Mar 14, 2019","481.00","481.00","481.00","481.00","-","0.00%"
"Mar 13, 2019","481.00","481.00","481.00","481.00","-","0.00%"
"Mar 12, 2019","481.00","481.00","481.00","481.00","-","0.63%"
"Mar 11, 2019","478.00","478.00","478.00","478.00","-","0.00%"
"Mar 08, 2019","478.00","478.00","478.00","478.00","-","0.00%"
"Mar 07, 2019","478.00","478.00","478.00","478.00","0.02K","-0.21%"
"Mar 06, 2019","479.00","479.00","479.00","479.00","-","0.00%"
"Mar 05, 2019","479.00","479.00","479.00","479.00","-","-0.21%"
"Mar 04, 2019","480.00","480.00","480.00","480.00","0.00K","0.63%"
"Mar 01, 2019","477.00","477.00","477.00","477.00","1.64K","1.25%"
"Feb 28, 2019","471.13","471.13","471.13","471.13","0.00K","-0.81%"
"Feb 27, 2019","475.00","475.00","475.00","475.00","0.00K","0.53%"
"Feb 26, 2019","472.50","472.50","472.50","472.50","0.00K","-0.94%"
"Feb 25, 2019","477.00","477.00","477.00","477.00","-","-0.52%"
"Feb 22, 2019","479.50","479.50","479.50","479.50","-","0.31%"
"Feb 21, 2019","478.00","478.00","478.00","478.00","0.00K","0.84%"
"Feb 20, 2019","474.00","474.00","474.00","474.00","-","0.00%"
"Feb 19, 2019","474.00","474.00","474.00","474.00","-","-0.84%"
"Feb 18, 2019","478.00","478.00","478.00","478.00","-","0.00%"
"Feb 15, 2019","478.00","478.00","478.00","478.00","-","1.06%"
"Feb 14, 2019","473.00","473.00","473.00","473.00","0.01K","-0.21%"
"Feb 13, 2019","474.00","474.00","474.00","474.00","-","0.85%"
"Feb 12, 2019","470.00","470.00","470.00","470.00","0.06K","-2.49%"
"Feb 11, 2019","482.00","482.00","482.00","482.00","0.09K","0.31%"
"Feb 08, 2019","480.50","480.50","480.50","480.50","-","0.00%"
"Feb 07, 2019","480.50","480.50","480.50","480.50","0.02K","-0.72%"
"Feb 06, 2019","484.00","484.00","484.00","484.00","0.03K","0.41%"
"Feb 05, 2019","482.00","482.00","482.00","482.00","0.06K","2.12%"
"Feb 04, 2019","472.00","472.00","472.00","472.00","-","-1.67%"
"Feb 01, 2019","480.00","480.00","480.00","480.00","0.05K","7.69%"
"Jan 31, 2019","445.73","445.73","445.73","445.73","-","-0.28%"
"Jan 30, 2019","447.00","447.00","447.00","447.00","-","0.00%"
"Jan 29, 2019","447.00","447.00","447.00","447.00","-","0.00%"
"Jan 28, 2019","447.00","447.00","447.00","447.00","-","0.00%"
"Jan 25, 2019","447.00","447.00","447.00","447.00","-","-0.22%"
"Jan 24, 2019","448.00","448.00","448.00","448.00","-","0.00%"
"Jan 23, 2019","448.00","448.00","448.00","448.00","-","-0.33%"
"Jan 22, 2019","449.50","449.50","449.50","449.50","-","0.00%"
"Jan 21, 2019","449.50","449.50","449.50","449.50","0.02K","0.78%"
"Jan 18, 2019","446.00","446.00","446.00","446.00","-","0.00%"
"Jan 17, 2019","446.00","446.00","446.00","446.00","-","0.00%"
"Jan 16, 2019","446.00","446.00","446.00","446.00","-","-0.22%"
"Jan 15, 2019","447.00","447.00","447.00","447.00","-","0.00%"
"Jan 14, 2019","447.00","447.00","447.00","447.00","-","-0.67%"
"Jan 11, 2019","450.00","450.00","450.00","450.00","-","0.00%"
"Jan 10, 2019","450.00","450.00","450.00","450.00","-","0.00%"
"Jan 09, 2019","450.00","450.00","450.00","450.00","0.02K","-0.22%"
"Jan 08, 2019","451.00","451.00","451.00","451.00","0.03K","0.11%"
"Jan 07, 2019","450.50","450.50","450.50","450.50","-","1.12%"
"Jan 04, 2019","445.50","445.50","445.50","445.50","-","0.00%"
"Jan 03, 2019","445.50","445.50","445.50","445.50","0.05K","-0.89%"
"Jan 02, 2019","449.50","449.50","449.50","449.50","0.02K","-3.80%"
"Dec 31, 2018","467.28","467.28","467.28","467.28","-","0.00%"
"Dec 28, 2018","467.28","467.28","467.28","467.28","-","0.92%"
"Dec 27, 2018","463.00","463.00","463.00","463.00","-","-0.43%"
"Dec 24, 2018","465.00","465.00","465.00","465.00","-","1.31%"
"Dec 21, 2018","459.00","459.00","459.00","459.00","-","-1.92%"
"Dec 20, 2018","468.00","468.00","468.00","468.00","0.02K","0.43%"
"Dec 19, 2018","466.00","466.00","466.00","466.00","-","-0.85%"
"Dec 18, 2018","470.00","470.00","470.00","470.00","-","-0.74%"
"Dec 17, 2018","473.50","473.50","473.50","473.50","-","0.42%"
"Dec 14, 2018","471.50","471.50","471.50","471.50","-","-0.42%"
"Dec 13, 2018","473.50","473.50","473.50","473.50","-","-0.11%"
"Dec 12, 2018","474.00","474.00","474.00","474.00","-","0.00%"
"Dec 11, 2018","474.00","474.00","474.00","474.00","-","0.00%"
"Dec 10, 2018","474.00","474.00","474.00","474.00","-","0.00%"
"Dec 07, 2018","474.00","474.00","474.00","474.00","-","0.42%"
"Dec 06, 2018","472.00","472.00","472.00","472.00","-","0.32%"
"Dec 05, 2018","470.50","470.50","470.50","470.50","0.17K","-1.57%"
"Dec 04, 2018","478.00","478.00","478.00","478.00","0.02K","0.84%"
"Dec 03, 2018","474.00","474.00","474.00","474.00","0.02K","-5.10%"
"Nov 30, 2018","499.49","499.49","499.49","499.49","-","0.10%"
"Nov 29, 2018","499.00","499.00","499.00","499.00","-","0.00%"
"Nov 28, 2018","499.00","499.00","499.00","499.00","-","0.00%"
"Nov 27, 2018","499.00","499.00","499.00","499.00","-","0.40%"
"Nov 26, 2018","497.00","497.00","497.00","497.00","-","0.71%"
"Nov 23, 2018","493.50","493.50","493.50","493.50","-","0.00%"
"Nov 22, 2018","493.50","493.50","493.50","493.50","-","-1.10%"
"Nov 21, 2018","499.00","499.00","499.00","499.00","-","-0.99%"
"Nov 20, 2018","504.00","504.00","504.00","504.00","0.01K","-0.40%"
"Nov 19, 2018","506.00","506.00","506.00","506.00","0.05K","-0.39%"
"Nov 16, 2018","508.00","508.00","508.00","508.00","-","0.59%"
"Nov 15, 2018","505.00","505.00","505.00","505.00","-","-0.79%"
"Nov 14, 2018","509.00","509.00","509.00","509.00","-","0.59%"
"Nov 13, 2018","506.00","506.00","506.00","506.00","-","-0.78%"
"Nov 12, 2018","510.00","510.00","510.00","510.00","-","-0.68%"
"Nov 09, 2018","513.50","513.50","513.50","513.50","-","0.00%"
"Nov 08, 2018","513.50","513.50","513.50","513.50","-","0.00%"
"Nov 07, 2018","513.50","513.50","513.50","513.50","-","-0.10%"
"Nov 06, 2018","514.00","514.00","514.00","514.00","0.03K","-1.91%"
"Nov 05, 2018","524.00","524.00","524.00","524.00","0.01K","1.16%"
"Nov 02, 2018","518.00","518.00","518.00","518.00","0.04K","0.78%"
"Nov 01, 2018","514.00","514.00","514.00","514.00","-","3.01%"
"Oct 31, 2018","498.98","498.98","498.98","498.98","-","-0.20%"
"Oct 30, 2018","500.00","500.00","500.00","500.00","-","-1.19%"
"Oct 29, 2018","506.00","506.00","506.00","506.00","-","0.00%"
"Oct 26, 2018","506.00","506.00","506.00","506.00","-","-0.59%"
"Oct 25, 2018","509.00","509.00","509.00","509.00","-","-0.20%"
"Oct 24, 2018","510.00","510.00","510.00","510.00","-","0.79%"
"Oct 23, 2018","506.00","506.00","506.00","506.00","-","0.70%"
"Oct 22, 2018","502.50","502.50","502.50","502.50","-","0.50%"
"Oct 19, 2018","500.00","500.00","500.00","500.00","-","0.00%"
"Oct 18, 2018","500.00","500.00","500.00","500.00","-","-0.20%"
"Oct 17, 2018","501.00","501.00","501.00","501.00","-","-0.60%"
"Oct 16, 2018","504.00","504.00","504.00","504.00","-","0.00%"
"Oct 15, 2018","504.00","504.00","504.00","504.00","-","0.00%"
"Oct 12, 2018","504.00","504.00","504.00","504.00","0.03K","1.20%"
"Oct 11, 2018","498.00","498.00","498.00","498.00","-","0.00%"
"Oct 10, 2018","498.00","498.00","498.00","498.00","-","0.00%"
"Oct 09, 2018","498.00","498.00","498.00","498.00","-","0.20%"
"Oct 08, 2018","497.00","497.00","497.00","497.00","0.02K","-1.00%"
"Oct 05, 2018","502.00","502.00","502.00","502.00","0.03K","-0.20%"
"Oct 04, 2018","503.00","503.00","503.00","503.00","-","0.30%"
"Oct 03, 2018","501.50","501.50","501.50","501.50","-","0.30%"
"Oct 02, 2018","500.00","500.00","500.00","500.00","-","-0.99%"
"Oct 01, 2018","505.00","505.00","505.00","505.00","-","-0.83%"
"Sep 28, 2018","509.23","509.23","509.23","509.23","-","0.44%"
"Sep 27, 2018","507.00","507.00","507.00","507.00","-","-0.59%"
"Sep 26, 2018","510.00","510.00","510.00","510.00","-","0.20%"
"Sep 25, 2018","509.00","509.00","509.00","509.00","0.00K","0.20%"
"Sep 24, 2018","508.00","508.00","508.00","508.00","-","-0.20%"
"Sep 21, 2018","509.00","509.00","509.00","509.00","0.01K","-0.97%"
"Sep 20, 2018","514.00","514.00","514.00","514.00","0.01K","-0.39%"
"Sep 19, 2018","516.00","516.00","516.00","516.00","-","-0.58%"
"Sep 18, 2018","519.00","519.00","519.00","519.00","-","0.00%"
"Sep 17, 2018","519.00","519.00","519.00","519.00","-","0.00%"
"Sep 14, 2018","519.00","519.00","519.00","519.00","-","0.00%"
"Sep 13, 2018","519.00","519.00","519.00","519.00","-","0.00%"
"Sep 12, 2018","519.00","519.00","519.00","519.00","-","0.00%"
"Sep 11, 2018","519.00","519.00","519.00","519.00","0.01K","0.00%"
"Sep 10, 2018","519.00","519.00","519.00","519.00","-","0.00%"
"Sep 07, 2018","519.00","519.00","519.00","519.00","0.02K","-0.95%"
"Sep 06, 2018","524.00","524.00","524.00","524.00","-","0.58%"
"Sep 05, 2018","521.00","521.00","521.00","521.00","-","0.00%"
"Sep 04, 2018","521.00","521.00","521.00","521.00","0.05K","1.76%"
"Sep 03, 2018","512.00","512.00","512.00","512.00","0.03K","-1.72%"
"Aug 31, 2018","520.95","520.95","520.95","520.95","-","0.76%"
"Aug 30, 2018","517.00","517.00","517.00","517.00","-","0.00%"
"Aug 29, 2018","517.00","517.00","517.00","517.00","-","0.00%"
"Aug 28, 2018","517.00","517.00","517.00","517.00","-","0.00%"
"Aug 24, 2018","517.00","517.00","517.00","517.00","0.02K","0.00%"
"Aug 23, 2018","517.00","517.00","517.00","517.00","-","0.00%"
"Aug 22, 2018","517.00","517.00","517.00","517.00","-","0.00%"
"Aug 21, 2018","517.00","517.00","517.00","517.00","-","0.00%"
"Aug 20, 2018","517.00","517.00","517.00","517.00","-","0.19%"
"Aug 17, 2018","516.00","516.00","516.00","516.00","0.02K","-0.77%"
"Aug 16, 2018","520.00","520.00","520.00","520.00","-","0.00%"
"Aug 15, 2018","520.00","520.00","520.00","520.00","-","0.00%"
"Aug 14, 2018","520.00","520.00","520.00","520.00","-","0.00%"
"Aug 13, 2018","520.00","520.00","520.00","520.00","-","0.00%"
"Aug 10, 2018","520.00","520.00","520.00","520.00","-","-1.89%"
"Aug 09, 2018","530.00","530.00","530.00","530.00","0.03K","0.00%"
"Aug 08, 2018","530.00","530.00","530.00","530.00","-","0.00%"
"Aug 07, 2018","530.00","530.00","530.00","530.00","0.03K","-1.67%"
"Aug 06, 2018","539.00","539.00","539.00","539.00","0.02K","-0.19%"
"Aug 03, 2018","540.00","540.00","540.00","540.00","0.03K","1.22%"
"Aug 02, 2018","533.50","533.50","533.50","533.50","0.03K","-1.93%"
"Aug 01, 2018","544.00","544.00","544.00","544.00","0.05K","0.28%"
"Jul 31, 2018","542.48","542.48","542.48","542.48","-","-0.46%"
"Jul 30, 2018","545.00","545.00","545.00","545.00","-","0.93%"
"Jul 27, 2018","540.00","540.00","540.00","540.00","-","0.00%"
"Jul 26, 2018","540.00","540.00","540.00","540.00","-","0.00%"
"Jul 25, 2018","540.00","540.00","540.00","540.00","-","0.00%"
"Jul 24, 2018","540.00","540.00","540.00","540.00","-","0.00%"
"Jul 23, 2018","540.00","540.00","540.00","540.00","-","0.00%"
"Jul 20, 2018","540.00","540.00","540.00","540.00","-","0.00%"
"Jul 19, 2018","540.00","540.00","540.00","540.00","-","0.00%"
"Jul 18, 2018","540.00","540.00","540.00","540.00","-","0.00%"
"Jul 17, 2018","540.00","540.00","540.00","540.00","-","0.00%"
"Jul 16, 2018","540.00","540.00","540.00","540.00","-","0.00%"
"Jul 13, 2018","540.00","540.00","540.00","540.00","-","0.00%"
"Jul 12, 2018","540.00","540.00","540.00","540.00","0.03K","-1.28%"
"Jul 11, 2018","547.00","547.00","547.00","547.00","-","0.00%"
"Jul 10, 2018","547.00","547.00","547.00","547.00","0.04K","-1.97%"
"Jul 09, 2018","558.00","558.00","558.00","558.00","0.03K","1.82%"
"Jul 06, 2018","548.00","548.00","548.00","548.00","-","0.00%"
"Jul 05, 2018","548.00","548.00","548.00","548.00","0.06K","0.00%"
"Jul 04, 2018","548.00","548.00","548.00","548.00","-","0.00%"
"Jul 03, 2018","548.00","548.00","548.00","548.00","-","0.00%"
"Jul 02, 2018","548.00","548.00","548.00","548.00","-","-0.03%"
"Jun 29, 2018","548.17","548.17","548.17","548.17","-","-0.42%"
"Jun 28, 2018","550.50","550.50","550.50","550.50","-","0.00%"
"Jun 27, 2018","550.50","550.50","550.50","550.50","0.01K","0.00%"
"Jun 26, 2018","550.50","550.50","550.50","550.50","-","0.00%"
"Jun 25, 2018","550.50","550.50","550.50","550.50","0.01K","0.00%"
"Jun 22, 2018","550.50","550.50","550.50","550.50","0.08K","0.73%"
"Jun 21, 2018","546.50","546.50","546.50","546.50","-","0.00%"
"Jun 20, 2018","546.50","546.50","546.50","546.50","-","0.46%"
"Jun 19, 2018","544.00","544.00","544.00","544.00","-","0.00%"
"Jun 18, 2018","544.00","544.00","544.00","544.00","-","0.00%"
"Jun 15, 2018","544.00","544.00","544.00","544.00","-","0.00%"
"Jun 14, 2018","544.00","544.00","544.00","544.00","0.06K","-1.09%"
"Jun 13, 2018","550.00","550.00","550.00","550.00","-","0.00%"
"Jun 12, 2018","550.00","550.00","550.00","550.00","-","0.00%"
"Jun 11, 2018","550.00","550.00","550.00","550.00","-","0.00%"
"Jun 08, 2018","550.00","550.00","550.00","550.00","0.04K","0.73%"
"Jun 07, 2018","546.00","546.00","546.00","546.00","-","0.00%"
"Jun 06, 2018","546.00","546.00","546.00","546.00","-","0.00%"
"Jun 05, 2018","546.00","546.00","546.00","546.00","0.05K","2.25%"
"Jun 04, 2018","534.00","534.00","534.00","534.00","-","0.00%"
"Jun 01, 2018","534.00","534.00","534.00","534.00","0.02K","-3.14%"
"May 31, 2018","551.31","551.31","551.31","551.31","-","-0.66%"
"May 30, 2018","555.00","555.00","555.00","555.00","-","0.00%"
"May 29, 2018","555.00","555.00","555.00","555.00","-","0.00%"
"May 25, 2018","555.00","555.00","555.00","555.00","-","0.00%"
"May 24, 2018","555.00","555.00","555.00","555.00","-","0.00%"
"May 23, 2018","555.00","555.00","555.00","555.00","-","0.00%"
"May 22, 2018","555.00","555.00","555.00","555.00","-","0.00%"
"May 21, 2018","555.00","555.00","555.00","555.00","-","0.00%"
"May 18, 2018","555.00","555.00","555.00","555.00","-","-1.94%"
"May 17, 2018","566.00","566.00","566.00","566.00","0.01K","0.18%"
"May 16, 2018","565.00","565.00","565.00","565.00","-","-0.09%"
"May 15, 2018","565.50","565.50","565.50","565.50","0.03K","0.00%"
"May 14, 2018","565.50","565.50","565.50","565.50","0.03K","1.34%"
"May 11, 2018","558.00","558.00","558.00","558.00","-","0.36%"
"May 10, 2018","556.00","556.00","556.00","556.00","-","0.00%"
"May 09, 2018","556.00","556.00","556.00","556.00","-","0.00%"
"May 08, 2018","556.00","556.00","556.00","556.00","-","0.00%"
"May 04, 2018","556.00","556.00","556.00","556.00","-","0.00%"
"May 03, 2018","556.00","556.00","556.00","556.00","-","0.00%"
"May 02, 2018","556.00","556.00","556.00","556.00","-","0.00%"
"May 01, 2018","556.00","556.00","556.00","556.00","-","0.13%"
"Apr 30, 2018","555.28","555.28","555.28","555.28","-","0.05%"
"Apr 27, 2018","555.00","555.00","555.00","555.00","-","0.00%"
"Apr 26, 2018","555.00","555.00","555.00","555.00","0.31K","0.00%"
"Apr 25, 2018","555.00","555.00","555.00","555.00","0.54K","0.00%"
"Apr 24, 2018","555.00","555.00","555.00","555.00","-","0.00%"
"Apr 23, 2018","555.00","555.00","555.00","555.00","-","0.00%"
"Apr 20, 2018","555.00","555.00","555.00","555.00","-","0.00%"
"Apr 19, 2018","555.00","555.00","555.00","555.00","-","0.00%"
"Apr 18, 2018","555.00","555.00","555.00","555.00","-","0.00%"
"Apr 17, 2018","555.00","555.00","555.00","555.00","-","0.00%"
"Apr 16, 2018","555.00","555.00","555.00","555.00","-","0.00%"
"Apr 13, 2018","555.00","555.00","555.00","555.00","-","0.00%"
"Apr 12, 2018","555.00","555.00","555.00","555.00","0.02K","0.82%"
"Apr 11, 2018","550.50","550.50","550.50","550.50","-","0.00%"
"Apr 10, 2018","550.50","550.50","550.50","550.50","-","0.00%"
"Apr 09, 2018","550.50","550.50","550.50","550.50","-","1.76%"
"Apr 06, 2018","541.00","541.00","541.00","541.00","-","0.00%"
"Apr 05, 2018","541.00","541.00","541.00","541.00","0.08K","-1.28%"
"Apr 04, 2018","548.00","548.00","548.00","548.00","0.02K","-0.36%"
"Apr 03, 2018","550.00","550.00","550.00","550.00","-","-5.85%"
"Mar 29, 2018","584.17","584.17","584.17","584.17","-","0.11%"
"Mar 28, 2018","583.50","583.50","583.50","583.50","0.02K","0.17%"
"Mar 27, 2018","582.50","582.50","582.50","582.50","0.02K","-0.43%"
"Mar 26, 2018","585.00","585.00","585.00","585.00","0.00K","-0.34%"
"Mar 23, 2018","587.00","587.00","587.00","587.00","0.09K","-0.17%"
"Mar 22, 2018","588.00","588.00","588.00","588.00","0.01K","-0.84%"
"Mar 21, 2018","593.00","593.00","593.00","593.00","0.15K","-0.17%"
"Mar 20, 2018","594.00","594.00","594.00","594.00","0.05K","0.00%"
"Mar 19, 2018","594.00","594.00","594.00","594.00","-","0.00%"
"Mar 16, 2018","594.00","594.00","594.00","594.00","-","0.00%"
"Mar 15, 2018","594.00","594.00","594.00","594.00","0.02K","0.34%"
"Mar 14, 2018","592.00","592.00","592.00","592.00","-","0.00%"
"Mar 13, 2018","592.00","592.00","592.00","592.00","-","0.00%"
"Mar 12, 2018","592.00","592.00","592.00","592.00","-","0.00%"
"Mar 09, 2018","592.00","592.00","592.00","592.00","-","0.00%"
"Mar 08, 2018","592.00","592.00","592.00","592.00","0.05K","-1.50%"
"Mar 07, 2018","601.00","601.00","601.00","601.00","0.02K","0.00%"
"Mar 06, 2018","601.00","601.00","601.00","601.00","0.03K","0.17%"
"Mar 05, 2018","600.00","600.00","600.00","600.00","-","-0.17%"
"Mar 02, 2018","601.00","601.00","601.00","601.00","0.38K","0.17%"
"Mar 01, 2018","600.00","600.00","600.00","600.00","0.22K","5.73%"
"Feb 28, 2018","567.48","567.48","567.48","567.48","-","-0.09%"
"Feb 27, 2018","568.00","568.00","568.00","568.00","-","0.00%"
"Feb 26, 2018","568.00","568.00","568.00","568.00","-","0.00%"
"Feb 23, 2018","568.00","568.00","568.00","568.00","-","0.00%"
"Feb 22, 2018","568.00","568.00","568.00","568.00","-","-0.35%"
"Feb 21, 2018","570.00","570.00","570.00","570.00","-","0.00%"
"Feb 20, 2018","570.00","570.00","570.00","570.00","-","0.00%"
"Feb 19, 2018","570.00","570.00","570.00","570.00","-","0.00%"
"Feb 16, 2018","570.00","570.00","570.00","570.00","-","-0.26%"
"Feb 15, 2018","571.50","571.50","571.50","571.50","0.10K","0.00%"
"Feb 14, 2018","571.50","571.50","571.50","571.50","-","0.00%"
"Feb 13, 2018","571.50","571.50","571.50","571.50","-","0.00%"
"Feb 12, 2018","571.50","571.50","571.50","571.50","0.12K","0.09%"
"Feb 09, 2018","571.00","571.00","571.00","571.00","0.09K","1.42%"
"Feb 08, 2018","563.00","563.00","563.00","563.00","0.02K","0.00%"
"Feb 07, 2018","563.00","563.00","563.00","563.00","0.02K","0.54%"
"Feb 06, 2018","560.00","560.00","560.00","560.00","-","0.00%"
"Feb 05, 2018","560.00","560.00","560.00","560.00","0.03K","3.70%"
"Feb 02, 2018","540.00","540.00","540.00","540.00","-","0.00%"
"Feb 01, 2018","540.00","540.00","540.00","540.00","0.03K","-4.39%"
"Jan 31, 2018","564.80","564.80","564.80","564.80","-","0.14%"
"Jan 30, 2018","564.00","564.00","564.00","564.00","-","0.00%"
"Jan 29, 2018","564.00","564.00","564.00","564.00","0.27K","0.00%"
"Jan 26, 2018","564.00","564.00","564.00","564.00","0.05K","-0.18%"
"Jan 25, 2018","565.00","565.00","565.00","565.00","0.02K","0.18%"
"Jan 24, 2018","564.00","564.00","564.00","564.00","-","0.00%"
"Jan 23, 2018","564.00","564.00","564.00","564.00","-","0.00%"
"Jan 22, 2018","564.00","564.00","564.00","564.00","-","0.00%"
"Jan 19, 2018","564.00","564.00","564.00","564.00","-","0.00%"
"Jan 18, 2018","564.00","564.00","564.00","564.00","-","0.00%"
"Jan 17, 2018","564.00","564.00","564.00","564.00","-","0.00%"
"Jan 16, 2018","564.00","564.00","564.00","564.00","0.09K","0.00%"
"Jan 15, 2018","564.00","564.00","564.00","564.00","0.08K","-1.66%"
"Jan 12, 2018","573.50","573.50","573.50","573.50","-","0.00%"
"Jan 11, 2018","573.50","573.50","573.50","573.50","-","0.00%"
"Jan 10, 2018","573.50","573.50","573.50","573.50","0.05K","1.15%"
"Jan 09, 2018","567.00","567.00","567.00","567.00","-","0.53%"
"Jan 08, 2018","564.00","564.00","564.00","564.00","-","0.53%"
"Jan 05, 2018","561.00","561.00","561.00","561.00","-","0.00%"
"Jan 04, 2018","561.00","561.00","561.00","561.00","-","0.00%"
"Jan 03, 2018","561.00","561.00","561.00","561.00","-","0.36%"
"Jan 02, 2018","559.00","559.00","559.00","559.00","-","0.00%"
"Dec 29, 2017","559.00","559.00","559.00","559.00","-","0.00%"
"Dec 28, 2017","559.00","559.00","559.00","559.00","-","1.54%"
"Dec 27, 2017","550.50","550.50","550.50","550.50","-","0.00%"
"Dec 22, 2017","550.50","550.50","550.50","550.50","-","0.00%"
"Dec 21, 2017","550.50","550.50","550.50","550.50","-","0.00%"
"Dec 20, 2017","550.50","550.50","550.50","550.50","-","0.00%"
"Dec 19, 2017","550.50","550.50","550.50","550.50","-","0.00%"
"Dec 18, 2017","550.50","550.50","550.50","550.50","-","0.00%"
"Dec 15, 2017","550.50","550.50","550.50","550.50","-","0.27%"
"Dec 14, 2017","549.00","549.00","549.00","549.00","-","0.00%"
"Dec 13, 2017","549.00","549.00","549.00","549.00","-","0.00%"
"Dec 12, 2017","549.00","549.00","549.00","549.00","-","0.00%"
"Dec 11, 2017","549.00","549.00","549.00","549.00","0.03K","-1.08%"
"Dec 08, 2017","555.00","555.00","555.00","555.00","-","0.00%"
"Dec 07, 2017","555.00","555.00","555.00","555.00","-","0.00%"
"Dec 06, 2017","555.00","555.00","555.00","555.00","-","0.00%"
"Dec 05, 2017","555.00","555.00","555.00","555.00","-","0.00%"
"Dec 04, 2017","555.00","555.00","555.00","555.00","-","0.00%"
"Dec 01, 2017","555.00","555.00","555.00","555.00","-","0.00%"
"Nov 30, 2017","555.00","555.00","555.00","555.00","0.21K","6.73%"
"Nov 29, 2017","520.00","520.00","520.00","520.00","-","0.00%"
"Nov 28, 2017","520.00","520.00","520.00","520.00","-","0.00%"
"Nov 27, 2017","520.00","520.00","520.00","520.00","-","-0.19%"
"Nov 24, 2017","521.00","521.00","521.00","521.00","-","0.00%"
"Nov 23, 2017","521.00","521.00","521.00","521.00","-","0.00%"
"Nov 22, 2017","521.00","521.00","521.00","521.00","-","0.00%"
"Nov 21, 2017","521.00","521.00","521.00","521.00","0.01K","0.77%"
"Nov 20, 2017","517.00","517.00","517.00","517.00","-","0.00%"
"Nov 17, 2017","517.00","517.00","517.00","517.00","-","0.00%"
"Nov 16, 2017","517.00","517.00","517.00","517.00","-","0.00%"
"Nov 15, 2017","517.00","517.00","517.00","517.00","-","0.00%"
"Nov 14, 2017","517.00","517.00","517.00","517.00","-","0.00%"
"Nov 13, 2017","517.00","517.00","517.00","517.00","-","0.00%"
"Nov 10, 2017","517.00","517.00","517.00","517.00","-","-0.39%"
"Nov 09, 2017","519.00","519.00","519.00","519.00","-","-0.57%"
"Nov 08, 2017","522.00","522.00","522.00","522.00","-","0.00%"
"Nov 07, 2017","522.00","522.00","522.00","522.00","-","0.00%"
"Nov 06, 2017","522.00","522.00","522.00","522.00","-","0.00%"
"Nov 03, 2017","522.00","522.00","522.00","522.00","0.05K","-0.76%"
"Nov 02, 2017","526.00","526.00","526.00","526.00","-","0.00%"
"Nov 01, 2017","526.00","526.00","526.00","526.00","-","0.00%"
"Oct 31, 2017","526.00","526.00","526.00","526.00","0.01K","0.67%"
"Oct 30, 2017","522.50","522.50","522.50","522.50","-","0.00%"
"Oct 27, 2017","522.50","522.50","522.50","522.50","0.02K","-0.85%"
"Oct 26, 2017","527.00","527.00","527.00","527.00","0.06K","2.13%"
"Oct 25, 2017","516.00","516.00","516.00","516.00","0.00K","-0.39%"
"Oct 24, 2017","518.00","518.00","518.00","518.00","-","0.00%"
"Oct 23, 2017","518.00","518.00","518.00","518.00","-","0.00%"
"Oct 20, 2017","518.00","518.00","518.00","518.00","-","0.00%"
"Oct 19, 2017","518.00","518.00","518.00","518.00","-","0.00%"
"Oct 18, 2017","518.00","518.00","518.00","518.00","-","-0.38%"
"Oct 17, 2017","520.00","520.00","520.00","520.00","-","-0.19%"
"Oct 16, 2017","521.00","521.00","521.00","521.00","-","-0.38%"
"Oct 13, 2017","523.00","523.00","523.00","523.00","-","0.00%"
"Oct 12, 2017","523.00","523.00","523.00","523.00","0.55K","1.36%"
"Oct 11, 2017","516.00","516.00","516.00","516.00","0.01K","-1.71%"
"Oct 10, 2017","525.00","525.00","525.00","525.00","0.06K","1.74%"
"Oct 09, 2017","516.00","516.00","516.00","516.00","0.03K","0.00%"
"Oct 06, 2017","516.00","516.00","516.00","516.00","-","0.00%"
"Oct 05, 2017","516.00","516.00","516.00","516.00","-","0.00%"
"Oct 04, 2017","516.00","516.00","516.00","516.00","-","-1.71%"
"Oct 03, 2017","525.00","525.00","525.00","525.00","0.06K","0.00%"
"Oct 02, 2017","525.00","525.00","525.00","525.00","-","-0.94%"
"Sep 29, 2017","530.00","530.00","530.00","530.00","-","0.00%"
"Sep 28, 2017","530.00","530.00","530.00","530.00","0.00K","-2.75%"
"Sep 27, 2017","545.00","545.00","545.00","545.00","-","0.00%"
"Sep 26, 2017","545.00","545.00","545.00","545.00","-","-0.37%"
"Sep 25, 2017","547.00","547.00","547.00","547.00","-","0.00%"
"Sep 22, 2017","547.00","547.00","547.00","547.00","-","-0.55%"
"Sep 21, 2017","550.00","550.00","550.00","550.00","-","0.00%"
"Sep 20, 2017","550.00","550.00","550.00","550.00","-","-0.18%"
"Sep 19, 2017","551.00","551.00","551.00","551.00","-","-0.36%"
"Sep 18, 2017","553.00","553.00","553.00","553.00","-","-0.90%"
"Sep 15, 2017","558.00","558.00","558.00","558.00","-","-0.36%"
"Sep 14, 2017","560.00","560.00","560.00","560.00","0.00K","0.00%"
"Sep 13, 2017","560.00","560.00","560.00","560.00","0.00K","0.00%"
"Sep 12, 2017","560.00","560.00","560.00","560.00","0.01K","-0.18%"
"Sep 11, 2017","561.00","561.00","561.00","561.00","0.02K","-0.36%"
"Sep 08, 2017","563.00","563.00","563.00","563.00","0.09K","-0.35%"
"Sep 07, 2017","565.00","565.00","565.00","565.00","0.22K","1.99%"
"Sep 06, 2017","554.00","554.00","554.00","554.00","0.03K","-0.36%"
"Sep 05, 2017","556.00","556.00","556.00","556.00","0.03K","0.72%"
"Sep 04, 2017","552.00","552.00","552.00","552.00","0.05K","1.10%"
"Sep 01, 2017","546.00","546.00","546.00","546.00","0.01K","0.74%"
"Aug 31, 2017","542.00","542.00","542.00","542.00","-","4.03%"
"Aug 30, 2017","521.00","521.00","521.00","521.00","-","0.00%"
"Aug 29, 2017","521.00","521.00","521.00","521.00","-","0.00%"
"Aug 25, 2017","521.00","521.00","521.00","521.00","-","0.00%"
"Aug 24, 2017","521.00","521.00","521.00","521.00","-","0.00%"
"Aug 23, 2017","521.00","521.00","521.00","521.00","-","0.00%"
"Aug 22, 2017","521.00","521.00","521.00","521.00","0.00K","0.19%"
"Aug 21, 2017","520.00","520.00","520.00","520.00","-","0.00%"
"Aug 18, 2017","520.00","520.00","520.00","520.00","-","0.00%"
"Aug 17, 2017","520.00","520.00","520.00","520.00","-","0.00%"
"Aug 16, 2017","520.00","520.00","520.00","520.00","-","-0.38%"
"Aug 15, 2017","522.00","522.00","522.00","522.00","-","0.00%"
"Aug 14, 2017","522.00","522.00","522.00","522.00","-","0.00%"
"Aug 11, 2017","522.00","522.00","522.00","522.00","-","-0.57%"
"Aug 10, 2017","525.00","525.00","525.00","525.00","0.12K","0.57%"
"Aug 09, 2017","522.00","522.00","522.00","522.00","0.01K","0.00%"
"Aug 08, 2017","522.00","522.00","522.00","522.00","0.10K","-1.32%"
"Aug 07, 2017","529.00","529.00","529.00","529.00","0.03K","1.34%"
"Aug 04, 2017","522.00","522.00","522.00","522.00","0.03K","0.77%"
"Aug 03, 2017","518.00","518.00","518.00","518.00","0.05K","-0.19%"
"Aug 02, 2017","519.00","519.00","519.00","519.00","0.20K","1.57%"
"Aug 01, 2017","511.00","511.00","511.00","511.00","0.04K","1.39%"
"Jul 31, 2017","504.00","504.00","504.00","504.00","0.04K","0.80%"
"Jul 28, 2017","500.00","500.00","500.00","500.00","0.21K","0.30%"
"Jul 27, 2017","498.50","498.50","498.50","498.50","0.10K","8.84%"
"Jul 26, 2017","458.00","458.00","458.00","458.00","-","0.00%"
"Jul 25, 2017","458.00","458.00","458.00","458.00","-","0.00%"
"Jul 24, 2017","458.00","458.00","458.00","458.00","-","0.00%"
"Jul 21, 2017","458.00","458.00","458.00","458.00","-","0.00%"
"Jul 20, 2017","458.00","458.00","458.00","458.00","-","0.00%"
"Jul 19, 2017","458.00","458.00","458.00","458.00","-","0.00%"
"Jul 18, 2017","458.00","458.00","458.00","458.00","-","0.00%"
"Jul 17, 2017","458.00","458.00","458.00","458.00","-","0.00%"
"Jul 14, 2017","458.00","458.00","458.00","458.00","-","0.00%"
"Jul 13, 2017","458.00","458.00","458.00","458.00","-","0.00%"
"Jul 12, 2017","458.00","458.00","458.00","458.00","0.03K","-0.87%"
"Jul 11, 2017","462.00","462.00","462.00","462.00","0.05K","0.43%"
"Jul 10, 2017","460.00","460.00","460.00","460.00","0.05K","0.88%"
"Jul 07, 2017","456.00","456.00","456.00","456.00","0.00K","0.88%"
"Jul 06, 2017","452.00","452.00","452.00","452.00","-","0.00%"
"Jul 05, 2017","452.00","452.00","452.00","452.00","0.04K","0.67%"
"Jul 04, 2017","449.00","449.00","449.00","449.00","0.01K","-0.66%"
"Jul 03, 2017","452.00","452.00","452.00","452.00","0.02K","5.84%"
"Jun 30, 2017","427.07","427.07","427.07","427.07","-","-0.45%"
"Jun 29, 2017","429.00","429.00","429.00","429.00","-","0.00%"
"Jun 28, 2017","429.00","429.00","429.00","429.00","0.00K","-0.23%"
"Jun 27, 2017","430.00","430.00","430.00","430.00","0.00K","-0.46%"
"Jun 26, 2017","432.00","432.00","432.00","432.00","-","0.00%"
"Jun 23, 2017","432.00","432.00","432.00","432.00","-","0.00%"
"Jun 22, 2017","432.00","432.00","432.00","432.00","-","0.00%"
"Jun 21, 2017","432.00","432.00","432.00","432.00","0.00K","-0.23%"
"Jun 20, 2017","433.00","433.00","433.00","433.00","-","-0.23%"
"Jun 19, 2017","434.00","434.00","434.00","434.00","-","0.00%"
"Jun 16, 2017","434.00","434.00","434.00","434.00","0.00K","-1.36%"
"Jun 15, 2017","440.00","440.00","440.00","440.00","0.05K","1.62%"
"Jun 14, 2017","433.00","433.00","433.00","433.00","0.01K","0.00%"
"Jun 13, 2017","433.00","433.00","433.00","433.00","0.02K","-0.69%"
"Jun 12, 2017","436.00","436.00","436.00","436.00","0.00K","-0.46%"
"Jun 09, 2017","438.00","438.00","438.00","438.00","0.00K","0.46%"
"Jun 08, 2017","436.00","436.00","436.00","436.00","0.01K","0.69%"
"Jun 07, 2017","433.00","433.00","433.00","433.00","0.01K","0.00%"
"Jun 06, 2017","433.00","433.00","433.00","433.00","0.00K","-0.46%"
"Jun 05, 2017","435.00","435.00","435.00","435.00","-","-1.14%"
"Jun 02, 2017","440.00","440.00","440.00","440.00","0.00K","-1.79%"
"Jun 01, 2017","448.00","448.00","448.00","448.00","-","4.11%"
"May 31, 2017","430.33","430.33","430.33","430.33","-","-0.62%"
"May 30, 2017","433.00","433.00","433.00","433.00","-","0.00%"
"May 26, 2017","433.00","433.00","433.00","433.00","-","0.00%"
"May 25, 2017","433.00","433.00","433.00","433.00","-","0.00%"
"May 24, 2017","433.00","433.00","433.00","433.00","-","0.00%"
"May 23, 2017","433.00","433.00","433.00","433.00","0.00K","-0.46%"
"May 22, 2017","435.00","435.00","435.00","435.00","-","0.00%"
"May 19, 2017","435.00","435.00","435.00","435.00","0.00K","0.46%"
"May 18, 2017","433.00","433.00","433.00","433.00","0.00K","0.00%"
"May 17, 2017","433.00","433.00","433.00","433.00","-","0.00%"
"May 16, 2017","433.00","433.00","433.00","433.00","0.01K","0.23%"
"May 15, 2017","432.00","432.00","432.00","432.00","-","0.00%"
"May 12, 2017","432.00","432.00","432.00","432.00","-","-0.69%"
"May 11, 2017","435.00","435.00","435.00","435.00","-","0.00%"
"May 10, 2017","435.00","435.00","435.00","435.00","-","-0.68%"
"May 09, 2017","438.00","438.00","438.00","438.00","0.05K","1.15%"
"May 08, 2017","433.00","433.00","433.00","433.00","0.00K","1.41%"
"May 05, 2017","427.00","427.00","427.00","427.00","0.02K","0.47%"
"May 04, 2017","425.00","425.00","425.00","425.00","0.04K","-2.30%"
"May 03, 2017","435.00","435.00","435.00","435.00","0.64K","0.00%"
"May 02, 2017","435.00","435.00","435.00","435.00","0.01K","2.64%"
"Apr 28, 2017","423.81","423.81","423.81","423.81","-","-0.28%"
"Apr 27, 2017","425.00","425.00","425.00","425.00","-","0.00%"
"Apr 26, 2017","425.00","425.00","425.00","425.00","-","0.00%"
"Apr 25, 2017","425.00","425.00","425.00","425.00","-","0.00%"
"Apr 24, 2017","425.00","425.00","425.00","425.00","-","0.00%"
"Apr 21, 2017","425.00","425.00","425.00","425.00","-","0.00%"
"Apr 20, 2017","425.00","425.00","425.00","425.00","-","0.00%"
"Apr 19, 2017","425.00","425.00","425.00","425.00","-","0.00%"
"Apr 18, 2017","425.00","425.00","425.00","425.00","-","0.00%"
"Apr 13, 2017","425.00","425.00","425.00","425.00","-","0.00%"
"Apr 12, 2017","425.00","425.00","425.00","425.00","-","0.00%"
"Apr 11, 2017","425.00","425.00","425.00","425.00","0.05K","-1.62%"
"Apr 10, 2017","432.00","432.00","432.00","432.00","-","0.00%"
"Apr 07, 2017","432.00","432.00","432.00","432.00","-","-1.82%"
"Apr 06, 2017","440.00","440.00","440.00","440.00","-","-0.11%"
"Apr 05, 2017","440.50","440.50","440.50","440.50","0.04K","-0.79%"
"Apr 04, 2017","444.00","444.00","444.00","444.00","0.04K","1.83%"
"Apr 03, 2017","436.00","436.00","436.00","436.00","0.04K","-0.07%"
"Mar 31, 2017","436.30","436.30","436.30","436.30","-","-0.84%"
"Mar 30, 2017","440.00","440.00","440.00","440.00","-","0.00%"
"Mar 29, 2017","440.00","440.00","440.00","440.00","0.45K","-0.23%"
"Mar 28, 2017","441.00","441.00","441.00","441.00","-","0.00%"
"Mar 27, 2017","441.00","441.00","441.00","441.00","-","-0.23%"
"Mar 24, 2017","442.00","442.00","442.00","442.00","-","0.00%"
"Mar 23, 2017","442.00","442.00","442.00","442.00","0.30K","0.00%"
"Mar 22, 2017","442.00","442.00","442.00","442.00","-","-0.45%"
"Mar 21, 2017","444.00","444.00","444.00","444.00","-","-0.89%"
"Mar 20, 2017","448.00","448.00","448.00","448.00","-","-0.44%"
"Mar 17, 2017","450.00","450.00","450.00","450.00","0.00K","0.45%"
"Mar 16, 2017","448.00","448.00","448.00","448.00","-","0.00%"
"Mar 15, 2017","448.00","448.00","448.00","448.00","-","0.00%"
"Mar 14, 2017","448.00","448.00","448.00","448.00","-","0.11%"
"Mar 13, 2017","447.50","447.50","447.50","447.50","-","-1.32%"
"Mar 10, 2017","453.50","453.50","453.50","453.50","-","0.00%"
"Mar 09, 2017","453.50","453.50","453.50","453.50","0.03K","0.55%"
"Mar 08, 2017","451.00","451.00","451.00","451.00","-","0.00%"
"Mar 07, 2017","451.00","451.00","451.00","451.00","0.04K","0.45%"
"Mar 06, 2017","449.00","449.00","449.00","449.00","0.04K","-0.22%"
"Mar 03, 2017","450.00","450.00","450.00","450.00","0.03K","0.90%"
"Mar 02, 2017","446.00","446.00","446.00","446.00","-","-1.00%"
"Mar 01, 2017","450.50","450.50","450.50","450.50","-","8.95%"
"Feb 28, 2017","413.50","413.50","413.50","413.50","0.03K","0.61%"
"Feb 27, 2017","411.00","411.00","411.00","411.00","0.03K","-1.56%"
"Feb 24, 2017","417.50","417.50","417.50","417.50","-","0.00%"
"Feb 23, 2017","417.50","417.50","417.50","417.50","-","0.00%"
"Feb 22, 2017","417.50","417.50","417.50","417.50","-","0.00%"
"Feb 21, 2017","417.50","417.50","417.50","417.50","-","-0.12%"
"Feb 20, 2017","418.00","418.00","418.00","418.00","-","0.00%"
"Feb 17, 2017","418.00","418.00","418.00","418.00","-","0.00%"
"Feb 16, 2017","418.00","418.00","418.00","418.00","-","0.00%"
"Feb 15, 2017","418.00","418.00","418.00","418.00","-","0.00%"
"Feb 14, 2017","418.00","418.00","418.00","418.00","0.00K","0.72%"
"Feb 13, 2017","415.00","415.00","415.00","415.00","0.04K","2.72%"
"Feb 10, 2017","404.00","404.00","404.00","404.00","0.01K","0.00%"
"Feb 09, 2017","404.00","404.00","404.00","404.00","-","0.50%"
"Feb 08, 2017","402.00","402.00","402.00","402.00","-","0.00%"
"Feb 07, 2017","402.00","402.00","402.00","402.00","-","0.25%"
"Feb 06, 2017","401.00","401.00","401.00","401.00","-","0.00%"
"Feb 03, 2017","401.00","401.00","401.00","401.00","0.12K","-0.25%"
"Feb 02, 2017","402.00","402.00","402.00","402.00","0.03K","-1.35%"
"Feb 01, 2017","407.50","407.50","407.50","407.50","0.13K","-2.85%"
"Jan 31, 2017","419.45","419.45","419.45","419.45","0.30K","-0.84%"
"Jan 30, 2017","423.00","423.00","423.00","423.00","0.30K","0.71%"
"Jan 27, 2017","420.00","420.00","420.00","420.00","-","0.00%"
"Jan 26, 2017","420.00","420.00","420.00","420.00","-","0.00%"
"Jan 25, 2017","420.00","420.00","420.00","420.00","-","0.00%"
"Jan 24, 2017","420.00","420.00","420.00","420.00","-","-0.24%"
"Jan 23, 2017","421.00","421.00","421.00","421.00","-","-0.94%"
"Jan 20, 2017","425.00","425.00","425.00","425.00","0.03K","-1.16%"
"Jan 19, 2017","430.00","430.00","430.00","430.00","-","0.00%"
"Jan 18, 2017","430.00","430.00","430.00","430.00","-","-0.23%"
"Jan 17, 2017","431.00","431.00","431.00","431.00","-","-0.58%"
"Jan 16, 2017","433.50","433.50","433.50","433.50","0.03K","0.35%"
"Jan 13, 2017","432.00","432.00","432.00","432.00","-","-0.69%"
"Jan 12, 2017","435.00","435.00","435.00","435.00","-","-0.23%"
"Jan 11, 2017","436.00","436.00","436.00","436.00","0.03K","0.23%"
"Jan 10, 2017","435.00","435.00","435.00","435.00","-","0.00%"
"Jan 09, 2017","435.00","435.00","435.00","435.00","0.01K","0.00%"
"Jan 06, 2017","435.00","435.00","435.00","435.00","-","-0.11%"
"Jan 05, 2017","435.50","435.50","435.50","435.50","0.01K","-1.47%"
"Jan 04, 2017","442.00","442.00","442.00","442.00","-","0.00%"
"Jan 03, 2017","442.00","442.00","442.00","442.00","-","3.21%"
"Dec 30, 2016","428.25","428.25","428.25","428.25","-","-1.55%"
"Dec 29, 2016","435.00","435.00","435.00","435.00","-","0.00%"
"Dec 28, 2016","435.00","435.00","435.00","435.00","-","0.00%"
"Dec 23, 2016","435.00","435.00","435.00","435.00","-","-0.23%"
"Dec 22, 2016","436.00","436.00","436.00","436.00","-","-0.68%"
"Dec 21, 2016","439.00","439.00","439.00","439.00","-","-0.23%"
"Dec 20, 2016","440.00","440.00","440.00","440.00","-","0.00%"
"Dec 19, 2016","440.00","440.00","440.00","440.00","-","0.00%"
"Dec 16, 2016","440.00","440.00","440.00","440.00","0.03K","2.33%"
"Dec 15, 2016","430.00","430.00","430.00","430.00","0.02K","2.38%"
"Dec 14, 2016","420.00","420.00","420.00","420.00","-","0.00%"
"Dec 13, 2016","420.00","420.00","420.00","420.00","0.01K","-2.33%"
"Dec 12, 2016","430.00","430.00","430.00","430.00","-","0.00%"
"Dec 09, 2016","430.00","430.00","430.00","430.00","-","-1.83%"
"Dec 08, 2016","438.00","438.00","438.00","438.00","0.01K","0.46%"
"Dec 07, 2016","436.00","436.00","436.00","436.00","0.01K","-0.46%"
"Dec 06, 2016","438.00","438.00","438.00","438.00","0.02K","0.23%"
"Dec 05, 2016","437.00","437.00","437.00","437.00","-","0.00%"
"Dec 02, 2016","437.00","437.00","437.00","437.00","-","-0.23%"
"Dec 01, 2016","438.00","438.00","438.00","438.00","0.02K","3.22%"
"Nov 30, 2016","424.32","424.32","424.32","424.32","-","-0.16%"
"Nov 29, 2016","425.00","425.00","425.00","425.00","-","0.00%"
"Nov 28, 2016","425.00","425.00","425.00","425.00","-","0.00%"
"Nov 25, 2016","425.00","425.00","425.00","425.00","-","0.00%"
"Nov 24, 2016","425.00","425.00","425.00","425.00","-","0.00%"
"Nov 23, 2016","425.00","425.00","425.00","425.00","-","0.00%"
"Nov 22, 2016","425.00","425.00","425.00","425.00","-","0.71%"
"Nov 21, 2016","422.00","422.00","422.00","422.00","-","0.00%"
"Nov 18, 2016","422.00","422.00","422.00","422.00","-","0.24%"
"Nov 17, 2016","421.00","421.00","421.00","421.00","-","0.00%"
"Nov 16, 2016","421.00","421.00","421.00","421.00","-","0.00%"
"Nov 15, 2016","421.00","421.00","421.00","421.00","-","1.20%"
"Nov 14, 2016","416.00","416.00","416.00","416.00","0.00K","0.24%"
"Nov 11, 2016","415.00","415.00","415.00","415.00","0.01K","0.00%"
"Nov 10, 2016","415.00","415.00","415.00","415.00","-","0.00%"
"Nov 09, 2016","415.00","415.00","415.00","415.00","-","0.00%"
"Nov 08, 2016","415.00","415.00","415.00","415.00","-","0.00%"
"Nov 07, 2016","415.00","415.00","415.00","415.00","-","1.47%"
"Nov 04, 2016","409.00","409.00","409.00","409.00","0.00K","-0.24%"
"Nov 03, 2016","410.00","410.00","410.00","410.00","-","1.23%"
"Nov 02, 2016","405.00","405.00","405.00","405.00","-","0.50%"
"Nov 01, 2016","403.00","403.00","403.00","403.00","-","7.29%"
"Oct 31, 2016","375.60","375.60","375.60","375.60","-","0.97%"
"Oct 28, 2016","372.00","372.00","372.00","372.00","-","0.00%"
"Oct 27, 2016","372.00","372.00","372.00","372.00","-","0.00%"
"Oct 26, 2016","372.00","372.00","372.00","372.00","-","0.00%"
"Oct 25, 2016","372.00","372.00","372.00","372.00","-","0.00%"
"Oct 24, 2016","372.00","372.00","372.00","372.00","-","0.00%"
"Oct 21, 2016","372.00","372.00","372.00","372.00","-","0.27%"
"Oct 20, 2016","371.00","371.00","371.00","371.00","-","0.27%"
"Oct 19, 2016","370.00","370.00","370.00","370.00","-","0.27%"
"Oct 18, 2016","369.00","369.00","369.00","369.00","-","0.00%"
"Oct 17, 2016","369.00","369.00","369.00","369.00","-","0.00%"
"Oct 14, 2016","369.00","369.00","369.00","369.00","-","0.00%"
"Oct 13, 2016","369.00","369.00","369.00","369.00","-","0.00%"
"Oct 12, 2016","369.00","369.00","369.00","369.00","-","0.00%"
"Oct 11, 2016","369.00","369.00","369.00","369.00","-","0.00%"
"Oct 10, 2016","369.00","369.00","369.00","369.00","-","0.00%"
"Oct 07, 2016","369.00","369.00","369.00","369.00","-","0.00%"
"Oct 06, 2016","369.00","369.00","369.00","369.00","-","0.00%"
"Oct 05, 2016","369.00","369.00","369.00","369.00","0.09K","0.00%"
"Oct 04, 2016","369.00","369.00","369.00","369.00","-","0.00%"
"Oct 03, 2016","369.00","369.00","369.00","369.00","0.00K","-0.27%"
"Sep 29, 2016","370.00","370.00","370.00","370.00","0.01K","-0.27%"
"Sep 28, 2016","371.00","371.00","371.00","371.00","0.00K","-0.27%"
"Sep 27, 2016","372.00","372.00","372.00","372.00","0.00K","0.54%"
"Sep 26, 2016","370.00","370.00","370.00","370.00","-","0.00%"
"Sep 23, 2016","370.00","370.00","370.00","370.00","-","0.00%"
"Sep 22, 2016","370.00","370.00","370.00","370.00","-","0.00%"
"Sep 21, 2016","370.00","370.00","370.00","370.00","0.01K","-0.54%"
"Sep 20, 2016","372.00","372.00","372.00","372.00","-","0.00%"
"Sep 19, 2016","372.00","372.00","372.00","372.00","-","0.00%"
"Sep 16, 2016","372.00","372.00","372.00","372.00","0.03K","-0.80%"
"Sep 15, 2016","375.00","375.00","375.00","375.00","-","0.00%"
"Sep 14, 2016","375.00","375.00","375.00","375.00","-","-1.32%"
"Sep 13, 2016","380.00","380.00","380.00","380.00","-","0.00%"
"Sep 12, 2016","380.00","380.00","380.00","380.00","0.01K","0.00%"
"Sep 09, 2016","380.00","380.00","380.00","380.00","-","0.00%"
"Sep 08, 2016","380.00","380.00","380.00","380.00","-","-0.52%"
"Sep 07, 2016","382.00","382.00","382.00","382.00","-","0.00%"
"Sep 06, 2016","382.00","382.00","382.00","382.00","-","0.00%"
"Sep 05, 2016","382.00","382.00","382.00","382.00","-","0.00%"
"Sep 02, 2016","382.00","382.00","382.00","382.00","0.01K","0.00%"
"Sep 01, 2016","382.00","382.00","382.00","382.00","0.01K","0.08%"
"Aug 31, 2016","381.68","381.68","381.68","381.68","-","-0.60%"
"Aug 30, 2016","384.00","384.00","384.00","384.00","-","0.00%"
"Aug 26, 2016","384.00","384.00","384.00","384.00","-","0.00%"
"Aug 25, 2016","384.00","384.00","384.00","384.00","-","0.00%"
"Aug 24, 2016","384.00","384.00","384.00","384.00","-","0.00%"
"Aug 23, 2016","384.00","384.00","384.00","384.00","-","0.00%"
"Aug 22, 2016","384.00","384.00","384.00","384.00","-","0.00%"
"Aug 19, 2016","384.00","384.00","384.00","384.00","-","-0.26%"
"Aug 18, 2016","385.00","385.00","385.00","385.00","-","0.00%"
"Aug 17, 2016","385.00","385.00","385.00","385.00","-","0.00%"
"Aug 16, 2016","385.00","385.00","385.00","385.00","-","-0.52%"
"Aug 15, 2016","387.00","387.00","387.00","387.00","-","0.00%"
"Aug 12, 2016","387.00","387.00","387.00","387.00","0.03K","0.00%"
"Aug 11, 2016","387.00","387.00","387.00","387.00","0.00K","0.00%"
"Aug 10, 2016","387.00","387.00","387.00","387.00","-","0.00%"
"Aug 09, 2016","387.00","387.00","387.00","387.00","0.01K","-1.78%"
"Aug 08, 2016","394.00","394.00","394.00","394.00","-","-1.01%"
"Aug 05, 2016","398.00","398.00","398.00","398.00","-","0.00%"
"Aug 04, 2016","398.00","398.00","398.00","398.00","0.06K","-1.73%"
"Aug 03, 2016","405.00","405.00","405.00","405.00","0.20K","4.38%"
"Aug 02, 2016","388.00","388.00","388.00","388.00","-","0.00%"
"Aug 01, 2016","388.00","388.00","388.00","388.00","-","2.19%"
"Jul 29, 2016","379.69","379.69","379.69","379.69","-","-0.34%"
"Jul 28, 2016","381.00","381.00","381.00","381.00","-","0.00%"
"Jul 27, 2016","381.00","381.00","381.00","381.00","-","0.00%"
"Jul 26, 2016","381.00","381.00","381.00","381.00","-","0.00%"
"Jul 25, 2016","381.00","381.00","381.00","381.00","-","0.00%"
"Jul 22, 2016","381.00","381.00","381.00","381.00","-","0.00%"
"Jul 21, 2016","381.00","381.00","381.00","381.00","-","0.00%"
"Jul 20, 2016","381.00","381.00","381.00","381.00","-","0.00%"
"Jul 19, 2016","381.00","381.00","381.00","381.00","-","0.00%"
"Jul 18, 2016","381.00","381.00","381.00","381.00","-","0.00%"
"Jul 15, 2016","381.00","381.00","381.00","381.00","-","0.00%"
"Jul 14, 2016","381.00","381.00","381.00","381.00","-","0.00%"
"Jul 13, 2016","381.00","381.00","381.00","381.00","-","0.00%"
"Jul 12, 2016","381.00","381.00","381.00","381.00","-","0.79%"
"Jul 11, 2016","378.00","378.00","378.00","378.00","0.01K","-1.82%"
"Jul 08, 2016","385.00","385.00","385.00","385.00","-","-1.03%"
"Jul 07, 2016","389.00","389.00","389.00","389.00","-","0.00%"
"Jul 06, 2016","389.00","389.00","389.00","389.00","-","-0.26%"
"Jul 05, 2016","390.00","390.00","390.00","390.00","-","0.00%"
"Jul 04, 2016","390.00","390.00","390.00","390.00","0.01K","-0.26%"
"Jul 01, 2016","391.00","391.00","391.00","391.00","0.05K","-1.90%"
"Jun 30, 2016","398.59","398.59","398.59","398.59","-","-0.60%"
"Jun 29, 2016","401.00","401.00","401.00","401.00","-","0.00%"
"Jun 28, 2016","401.00","401.00","401.00","401.00","-","0.00%"
"Jun 27, 2016","401.00","401.00","401.00","401.00","-","-0.25%"
"Jun 24, 2016","402.00","402.00","402.00","402.00","-","-0.25%"
"Jun 23, 2016","403.00","403.00","403.00","403.00","-","0.00%"
"Jun 22, 2016","403.00","403.00","403.00","403.00","-","0.00%"
"Jun 21, 2016","403.00","403.00","403.00","403.00","-","0.00%"
"Jun 20, 2016","403.00","403.00","403.00","403.00","-","0.00%"
"Jun 17, 2016","403.00","403.00","403.00","403.00","-","0.00%"
"Jun 16, 2016","403.00","403.00","403.00","403.00","-","0.00%"
"Jun 15, 2016","403.00","403.00","403.00","403.00","-","0.00%"
"Jun 14, 2016","403.00","403.00","403.00","403.00","-","0.00%"
"Jun 13, 2016","403.00","403.00","403.00","403.00","-","0.00%"
"Jun 10, 2016","403.00","403.00","403.00","403.00","-","-0.49%"
"Jun 09, 2016","405.00","405.00","405.00","405.00","-","0.00%"
"Jun 08, 2016","405.00","405.00","405.00","405.00","-","0.00%"
"Jun 07, 2016","405.00","405.00","405.00","405.00","-","-1.22%"
"Jun 06, 2016","410.00","410.00","410.00","410.00","-","-0.73%"
"Jun 03, 2016","413.00","413.00","413.00","413.00","0.03K","-1.20%"
"Jun 02, 2016","418.00","418.00","418.00","418.00","-","-0.95%"
"Jun 01, 2016","422.00","422.00","422.00","422.00","0.04K","-11.26%"
"May 31, 2016","475.57","475.57","475.57","475.57","-","0.12%"
"May 27, 2016","475.00","475.00","475.00","475.00","-","0.00%"
"May 26, 2016","475.00","475.00","475.00","475.00","0.01K","0.42%"
"May 25, 2016","473.00","473.00","473.00","473.00","0.03K","-0.42%"
"May 24, 2016","475.00","475.00","475.00","475.00","0.04K","0.00%"
"May 23, 2016","475.00","475.00","475.00","475.00","-","0.00%"
"May 20, 2016","475.00","475.00","475.00","475.00","0.03K","-1.04%"
"May 19, 2016","480.00","480.00","480.00","480.00","-","0.00%"
"May 18, 2016","480.00","480.00","480.00","480.00","-","0.00%"
"May 17, 2016","480.00","480.00","480.00","480.00","-","-2.04%"
"May 16, 2016","490.00","490.00","490.00","490.00","-","-2.39%"
"May 13, 2016","502.00","502.00","502.00","502.00","-","0.00%"
"May 12, 2016","502.00","502.00","502.00","502.00","-","0.00%"
"May 11, 2016","502.00","502.00","502.00","502.00","-","0.00%"
"May 10, 2016","502.00","502.00","502.00","502.00","-","0.40%"
"May 09, 2016","500.00","500.00","500.00","500.00","-","-0.40%"
"May 06, 2016","502.00","502.00","502.00","502.00","-","-0.20%"
"May 05, 2016","503.00","503.00","503.00","503.00","-","0.00%"
"May 04, 2016","503.00","503.00","503.00","503.00","0.02K","-0.98%"
"May 03, 2016","508.00","508.00","508.00","508.00","0.09K","11.89%"
"Apr 29, 2016","454.00","454.00","454.00","454.00","-","-0.44%"
"Apr 28, 2016","456.00","456.00","456.00","456.00","-","-0.22%"
"Apr 27, 2016","457.00","457.00","457.00","457.00","-","0.00%"
"Apr 26, 2016","457.00","457.00","457.00","457.00","0.05K","0.66%"
"Apr 25, 2016","454.00","454.00","454.00","454.00","0.01K","0.00%"
"Apr 22, 2016","454.00","454.00","454.00","454.00","-","0.00%"
"Apr 21, 2016","454.00","454.00","454.00","454.00","-","0.00%"
"Apr 20, 2016","454.00","454.00","454.00","454.00","-","0.89%"
"Apr 19, 2016","450.00","450.00","450.00","450.00","-","0.67%"
"Apr 18, 2016","447.00","447.00","447.00","447.00","-","0.00%"
"Apr 15, 2016","447.00","447.00","447.00","447.00","-","0.00%"
"Apr 14, 2016","447.00","447.00","447.00","447.00","0.01K","2.76%"
"Apr 13, 2016","435.00","435.00","435.00","435.00","0.13K","2.84%"
"Apr 12, 2016","423.00","423.00","423.00","423.00","-","0.00%"
"Apr 11, 2016","423.00","423.00","423.00","423.00","-","0.00%"
"Apr 08, 2016","423.00","423.00","423.00","423.00","0.01K","2.92%"
"Apr 07, 2016","411.00","411.00","411.00","411.00","-","0.00%"
"Apr 06, 2016","411.00","411.00","411.00","411.00","0.00K","2.75%"
"Apr 05, 2016","400.00","400.00","400.00","400.00","-","0.00%"
"Apr 04, 2016","400.00","400.00","400.00","400.00","-","3.23%"
"Apr 01, 2016","387.50","387.50","387.50","387.50","-","6.75%"
"Mar 31, 2016","363.00","363.00","363.00","363.00","0.03K","1.40%"
"Mar 30, 2016","358.00","358.00","358.00","358.00","-","0.00%"
"Mar 29, 2016","358.00","358.00","358.00","358.00","-","0.00%"
"Mar 24, 2016","358.00","358.00","358.00","358.00","-","0.56%"
"Mar 23, 2016","356.00","356.00","356.00","356.00","-","0.28%"
"Mar 22, 2016","355.00","355.00","355.00","355.00","-","0.00%"
"Mar 21, 2016","355.00","355.00","355.00","355.00","-","0.00%"
"Mar 18, 2016","355.00","355.00","355.00","355.00","-","0.00%"
"Mar 17, 2016","355.00","355.00","355.00","355.00","-","0.57%"
"Mar 16, 2016","353.00","353.00","353.00","353.00","-","0.00%"
"Mar 15, 2016","353.00","353.00","353.00","353.00","-","0.00%"
"Mar 14, 2016","353.00","353.00","353.00","353.00","0.01K","1.44%"
"Mar 11, 2016","348.00","348.00","348.00","348.00","-","0.00%"
"Mar 10, 2016","348.00","348.00","348.00","348.00","-","0.72%"
"Mar 09, 2016","345.50","345.50","345.50","345.50","0.03K","2.22%"
"Mar 08, 2016","338.00","338.00","338.00","338.00","0.02K","1.81%"
"Mar 07, 2016","332.00","332.00","332.00","332.00","0.04K","2.00%"
"Mar 04, 2016","325.50","325.50","325.50","325.50","-","0.00%"
"Mar 03, 2016","325.50","325.50","325.50","325.50","-","0.62%"
"Mar 02, 2016","323.50","323.50","323.50","323.50","-","0.00%"
"Mar 01, 2016","323.50","323.50","323.50","323.50","-","1.47%"
"Feb 29, 2016","318.81","318.81","318.81","318.81","-","-0.22%"
"Feb 26, 2016","319.50","319.50","319.50","319.50","-","0.00%"
"Feb 25, 2016","319.50","319.50","319.50","319.50","-","0.00%"
"Feb 24, 2016","319.50","319.50","319.50","319.50","-","-0.31%"
"Feb 23, 2016","320.50","320.50","320.50","320.50","-","0.00%"
"Feb 22, 2016","320.50","320.50","320.50","320.50","-","0.00%"
"Feb 19, 2016","320.50","320.50","320.50","320.50","-","0.00%"
"Feb 18, 2016","320.50","320.50","320.50","320.50","-","0.00%"
"Feb 17, 2016","320.50","320.50","320.50","320.50","-","-0.16%"
"Feb 16, 2016","321.00","321.00","321.00","321.00","-","-0.31%"
"Feb 15, 2016","322.00","322.00","322.00","322.00","-","0.00%"
"Feb 12, 2016","322.00","322.00","322.00","322.00","-","0.00%"
"Feb 11, 2016","322.00","322.00","322.00","322.00","-","0.00%"
"Feb 10, 2016","322.00","322.00","322.00","322.00","-","-0.31%"
"Feb 09, 2016","323.00","323.00","323.00","323.00","-","0.00%"
"Feb 08, 2016","323.00","323.00","323.00","323.00","-","0.00%"
"Feb 05, 2016","323.00","323.00","323.00","323.00","-","0.00%"
"Feb 04, 2016","323.00","323.00","323.00","323.00","-","0.00%"
"Feb 03, 2016","323.00","323.00","323.00","323.00","-","0.00%"
"Feb 02, 2016","323.00","323.00","323.00","323.00","-","0.00%"
"Feb 01, 2016","323.00","323.00","323.00","323.00","-","-0.06%"
"Jan 29, 2016","323.18","323.18","323.18","323.18","-","-0.56%"
"Jan 28, 2016","325.00","325.00","325.00","325.00","-","0.00%"
"Jan 27, 2016","325.00","325.00","325.00","325.00","-","0.00%"
"Jan 26, 2016","325.00","325.00","325.00","325.00","-","0.00%"
"Jan 25, 2016","325.00","325.00","325.00","325.00","0.01K","-0.46%"
"Jan 22, 2016","326.50","326.50","326.50","326.50","-","-0.15%"
"Jan 21, 2016","327.00","327.00","327.00","327.00","-","0.00%"
"Jan 20, 2016","327.00","327.00","327.00","327.00","-","0.00%"
"Jan 19, 2016","327.00","327.00","327.00","327.00","-","0.00%"
"Jan 18, 2016","327.00","327.00","327.00","327.00","-","0.00%"
"Jan 15, 2016","327.00","327.00","327.00","327.00","-","0.00%"
"Jan 14, 2016","327.00","327.00","327.00","327.00","-","0.00%"
"Jan 13, 2016","327.00","327.00","327.00","327.00","-","0.00%"
"Jan 12, 2016","327.00","327.00","327.00","327.00","-","0.00%"
"Jan 11, 2016","327.00","327.00","327.00","327.00","-","0.00%"
"Jan 08, 2016","327.00","327.00","327.00","327.00","-","0.00%"
"Jan 07, 2016","327.00","327.00","327.00","327.00","-","0.00%"
"Jan 06, 2016","327.00","327.00","327.00","327.00","-","0.00%"
"Jan 05, 2016","327.00","327.00","327.00","327.00","-","0.00%"
"Jan 04, 2016","327.00","327.00","327.00","327.00","-","0.19%"
"Dec 31, 2015","326.38","326.38","326.38","326.38","-","0.12%"
"Dec 30, 2015","326.00","326.00","326.00","326.00","-","0.00%"
"Dec 29, 2015","326.00","326.00","326.00","326.00","-","0.00%"
"Dec 24, 2015","326.00","326.00","326.00","326.00","-","0.00%"
"Dec 23, 2015","326.00","326.00","326.00","326.00","-","0.00%"
"Dec 22, 2015","326.00","326.00","326.00","326.00","-","0.00%"
"Dec 21, 2015","326.00","326.00","326.00","326.00","-","0.00%"
"Dec 18, 2015","326.00","326.00","326.00","326.00","-","0.31%"
"Dec 17, 2015","325.00","325.00","325.00","325.00","-","0.00%"
"Dec 16, 2015","325.00","325.00","325.00","325.00","-","0.00%"
"Dec 15, 2015","325.00","325.00","325.00","325.00","-","0.00%"
"Dec 14, 2015","325.00","325.00","325.00","325.00","-","0.00%"
"Dec 11, 2015","325.00","325.00","325.00","325.00","-","0.00%"
"Dec 10, 2015","325.00","325.00","325.00","325.00","-","0.00%"
"Dec 09, 2015","325.00","325.00","325.00","325.00","-","0.00%"
"Dec 08, 2015","325.00","325.00","325.00","325.00","-","-1.52%"
"Dec 07, 2015","330.00","330.00","330.00","330.00","0.00K","0.00%"
"Dec 04, 2015","330.00","330.00","330.00","330.00","-","0.00%"
"Dec 03, 2015","330.00","330.00","330.00","330.00","-","0.00%"
"Dec 02, 2015","330.00","330.00","330.00","330.00","-","0.00%"
"Dec 01, 2015","330.00","330.00","330.00","330.00","-","-3.32%"
"Nov 30, 2015","341.33","341.33","341.33","341.33","-","2.19%"
"Nov 27, 2015","334.00","334.00","334.00","334.00","-","0.00%"
"Nov 26, 2015","334.00","334.00","334.00","334.00","-","-0.30%"
"Nov 25, 2015","335.00","335.00","335.00","335.00","-","-0.59%"
"Nov 24, 2015","337.00","337.00","337.00","337.00","-","-0.30%"