c_name,c_date,c_price,c_open,c_high,c_low
鋼筋價格指數,2021-10-04,690.5,690.5,690.5,690.5
鋼筋價格指數,2021-10-01,681.0,681.0,681.0,681.0
鋼筋價格指數,2021-09-30,665.32,665.32,665.32,665.32
鋼筋價格指數,2021-09-29,665.0,665.0,665.0,665.0
鋼筋價格指數,2021-09-28,665.0,665.0,665.0,665.0
鋼筋價格指數,2021-09-27,670.0,670.0,670.0,670.0
鋼筋價格指數,2021-09-24,668.0,668.0,668.0,668.0
鋼筋價格指數,2021-09-23,667.0,667.0,667.0,667.0
鋼筋價格指數,2021-09-22,674.0,674.0,674.0,674.0
鋼筋價格指數,2021-09-21,667.5,667.5,667.5,667.5
鋼筋價格指數,2021-09-20,661.0,661.0,661.0,661.0
鋼筋價格指數,2021-09-17,669.0,669.0,669.0,669.0
鋼筋價格指數,2021-09-16,660.0,660.0,660.0,660.0
鋼筋價格指數,2021-09-15,660.0,660.0,660.0,660.0
鋼筋價格指數,2021-09-14,664.0,664.0,664.0,664.0
鋼筋價格指數,2021-09-13,679.0,679.0,679.0,679.0
鋼筋價格指數,2021-09-10,685.0,685.0,685.0,685.0
鋼筋價格指數,2021-09-09,676.5,676.5,676.5,676.5
鋼筋價格指數,2021-09-08,667.5,667.5,667.5,667.5
鋼筋價格指數,2021-09-07,668.5,668.5,668.5,668.5
鋼筋價格指數,2021-09-06,671.5,671.5,671.5,671.5
鋼筋價格指數,2021-09-03,671.5,671.5,671.5,671.5
鋼筋價格指數,2021-09-02,668.0,668.0,668.0,668.0
鋼筋價格指數,2021-09-01,671.5,671.5,671.5,671.5
鋼筋價格指數,2021-08-31,688.07,688.07,688.07,688.07
鋼筋價格指數,2021-08-27,687.5,687.5,687.5,687.5
鋼筋價格指數,2021-08-26,688.0,688.0,688.0,688.0
鋼筋價格指數,2021-08-25,690.0,690.0,690.0,690.0
鋼筋價格指數,2021-08-24,690.0,690.0,690.0,690.0
鋼筋價格指數,2021-08-23,690.0,690.0,690.0,690.0
鋼筋價格指數,2021-08-20,692.5,692.5,692.5,692.5
鋼筋價格指數,2021-08-19,692.5,692.5,692.5,692.5
鋼筋價格指數,2021-08-18,692.5,692.5,692.5,692.5
鋼筋價格指數,2021-08-17,692.5,692.5,692.5,692.5
鋼筋價格指數,2021-08-16,692.5,692.5,692.5,692.5
鋼筋價格指數,2021-08-13,696.5,696.5,696.5,696.5
鋼筋價格指數,2021-08-12,696.5,696.5,696.5,696.5
鋼筋價格指數,2021-08-11,696.5,696.5,696.5,696.5
鋼筋價格指數,2021-08-10,694.5,694.5,694.5,694.5
鋼筋價格指數,2021-08-09,698.0,698.0,698.0,698.0
鋼筋價格指數,2021-08-06,694.5,694.5,694.5,694.5
鋼筋價格指數,2021-08-05,706.0,706.0,706.0,706.0
鋼筋價格指數,2021-08-04,710.0,710.0,710.0,710.0
鋼筋價格指數,2021-08-03,708.5,708.5,708.5,708.5
鋼筋價格指數,2021-08-02,719.0,719.0,719.0,719.0
鋼筋價格指數,2021-07-30,720.57,720.57,720.57,720.57
鋼筋價格指數,2021-07-29,723.0,723.0,723.0,723.0
鋼筋價格指數,2021-07-28,722.5,722.5,722.5,722.5
鋼筋價格指數,2021-07-27,724.0,724.0,724.0,724.0
鋼筋價格指數,2021-07-26,724.0,724.0,724.0,724.0
鋼筋價格指數,2021-07-23,726.5,726.5,726.5,726.5
鋼筋價格指數,2021-07-22,731.5,731.5,731.5,731.5
鋼筋價格指數,2021-07-21,729.0,729.0,729.0,729.0
鋼筋價格指數,2021-07-20,725.0,725.0,725.0,725.0
鋼筋價格指數,2021-07-19,726.0,726.0,726.0,726.0
鋼筋價格指數,2021-07-16,724.0,724.0,724.0,724.0
鋼筋價格指數,2021-07-15,727.0,727.0,727.0,727.0
鋼筋價格指數,2021-07-14,727.0,727.0,727.0,727.0
鋼筋價格指數,2021-07-13,727.0,727.0,727.0,727.0
鋼筋價格指數,2021-07-12,753.0,753.0,753.0,753.0
鋼筋價格指數,2021-07-09,736.5,736.5,736.5,736.5
鋼筋價格指數,2021-07-08,740.0,740.0,740.0,740.0
鋼筋價格指數,2021-07-07,745.0,745.0,745.0,745.0
鋼筋價格指數,2021-07-06,742.0,742.0,742.0,742.0
鋼筋價格指數,2021-07-05,741.5,741.5,741.5,741.5
鋼筋價格指數,2021-07-02,736.0,736.0,736.0,736.0
鋼筋價格指數,2021-07-01,737.5,737.5,737.5,737.5
鋼筋價格指數,2021-06-30,726.48,726.48,726.48,726.48
鋼筋價格指數,2021-06-29,730.0,730.0,730.0,730.0
鋼筋價格指數,2021-06-28,735.0,735.0,735.0,735.0
鋼筋價格指數,2021-06-25,738.0,738.0,738.0,738.0
鋼筋價格指數,2021-06-24,725.0,725.0,725.0,725.0
鋼筋價格指數,2021-06-23,725.0,725.0,725.0,725.0
鋼筋價格指數,2021-06-22,725.0,725.0,725.0,725.0
鋼筋價格指數,2021-06-21,725.0,725.0,725.0,725.0
鋼筋價格指數,2021-06-18,725.0,725.0,725.0,725.0
鋼筋價格指數,2021-06-17,725.0,725.0,725.0,725.0
鋼筋價格指數,2021-06-16,725.0,725.0,725.0,725.0
鋼筋價格指數,2021-06-15,720.0,720.0,720.0,720.0
鋼筋價格指數,2021-06-14,715.0,715.0,715.0,715.0
鋼筋價格指數,2021-06-11,715.0,715.0,715.0,715.0
鋼筋價格指數,2021-06-10,715.0,715.0,715.0,715.0
鋼筋價格指數,2021-06-09,715.0,715.0,715.0,715.0
鋼筋價格指數,2021-06-08,715.0,715.0,715.0,715.0
鋼筋價格指數,2021-06-07,715.0,715.0,715.0,715.0
鋼筋價格指數,2021-06-04,755.0,755.0,755.0,755.0
鋼筋價格指數,2021-06-03,755.0,755.0,755.0,755.0
鋼筋價格指數,2021-06-02,755.0,755.0,755.0,755.0
鋼筋價格指數,2021-06-01,755.0,755.0,755.0,755.0
鋼筋價格指數,2021-05-28,744.21,744.21,744.21,744.21
鋼筋價格指數,2021-05-27,744.0,744.0,744.0,744.0
鋼筋價格指數,2021-05-26,746.0,746.0,746.0,746.0
鋼筋價格指數,2021-05-25,745.0,745.0,745.0,745.0
鋼筋價格指數,2021-05-24,748.5,748.5,748.5,748.5
鋼筋價格指數,2021-05-21,742.0,742.0,742.0,742.0
鋼筋價格指數,2021-05-20,752.0,752.0,752.0,752.0
鋼筋價格指數,2021-05-19,756.0,756.0,756.0,756.0
鋼筋價格指數,2021-05-18,771.5,771.5,771.5,771.5
鋼筋價格指數,2021-05-17,769.5,769.5,769.5,769.5
鋼筋價格指數,2021-05-14,775.0,775.0,775.0,775.0
鋼筋價格指數,2021-05-13,780.5,780.5,780.5,780.5
鋼筋價格指數,2021-05-12,794.0,794.0,794.0,794.0
鋼筋價格指數,2021-05-11,750.0,750.0,750.0,750.0
鋼筋價格指數,2021-05-10,750.0,750.0,750.0,750.0
鋼筋價格指數,2021-05-07,710.0,710.0,710.0,710.0
鋼筋價格指數,2021-05-06,730.0,730.0,730.0,730.0
鋼筋價格指數,2021-05-05,710.0,710.0,710.0,710.0
鋼筋價格指數,2021-05-04,696.5,696.5,696.5,696.5
鋼筋價格指數,2021-04-30,639.28,639.28,639.28,639.28
鋼筋價格指數,2021-04-29,642.5,642.5,642.5,642.5
鋼筋價格指數,2021-04-28,640.0,640.0,640.0,640.0
鋼筋價格指數,2021-04-27,641.0,641.0,641.0,641.0
鋼筋價格指數,2021-04-26,639.5,639.5,639.5,639.5
鋼筋價格指數,2021-04-23,637.5,637.5,637.5,637.5
鋼筋價格指數,2021-04-22,638.0,638.0,638.0,638.0
鋼筋價格指數,2021-04-21,637.5,637.5,637.5,637.5
鋼筋價格指數,2021-04-20,637.5,637.5,637.5,637.5
鋼筋價格指數,2021-04-19,637.5,637.5,637.5,637.5
鋼筋價格指數,2021-04-16,641.0,641.0,641.0,641.0
鋼筋價格指數,2021-04-15,636.5,636.5,636.5,636.5
鋼筋價格指數,2021-04-14,639.0,639.0,639.0,639.0
鋼筋價格指數,2021-04-13,635.0,635.0,635.0,635.0
鋼筋價格指數,2021-04-12,636.0,636.0,636.0,636.0
鋼筋價格指數,2021-04-09,639.5,639.5,639.5,639.5
鋼筋價格指數,2021-04-08,636.0,636.0,636.0,636.0
鋼筋價格指數,2021-04-07,641.0,641.0,641.0,641.0
鋼筋價格指數,2021-04-06,650.0,650.0,650.0,650.0
鋼筋價格指數,2021-04-01,643.0,643.0,643.0,643.0
鋼筋價格指數,2021-03-31,628.22,628.22,628.22,628.22
鋼筋價格指數,2021-03-30,632.0,632.0,632.0,632.0
鋼筋價格指數,2021-03-29,633.0,633.0,633.0,633.0
鋼筋價格指數,2021-03-26,631.0,631.0,631.0,631.0
鋼筋價格指數,2021-03-25,626.0,626.0,626.0,626.0
鋼筋價格指數,2021-03-24,626.5,626.5,626.5,626.5
鋼筋價格指數,2021-03-23,626.5,626.5,626.5,626.5
鋼筋價格指數,2021-03-22,622.0,622.0,622.0,622.0
鋼筋價格指數,2021-03-19,624.5,624.5,624.5,624.5
鋼筋價格指數,2021-03-18,628.5,628.5,628.5,628.5
鋼筋價格指數,2021-03-17,627.5,627.5,627.5,627.5
鋼筋價格指數,2021-03-16,632.0,632.0,632.0,632.0
鋼筋價格指數,2021-03-15,634.0,634.0,634.0,634.0
鋼筋價格指數,2021-03-12,629.0,629.0,629.0,629.0
鋼筋價格指數,2021-03-11,630.5,630.5,630.5,630.5
鋼筋價格指數,2021-03-10,630.5,630.5,630.5,630.5
鋼筋價格指數,2021-03-09,638.0,638.0,638.0,638.0
鋼筋價格指數,2021-03-08,641.0,641.0,641.0,641.0
鋼筋價格指數,2021-03-05,643.5,643.5,643.5,643.5
鋼筋價格指數,2021-03-04,648.0,648.0,648.0,648.0
鋼筋價格指數,2021-03-03,650.0,650.0,650.0,650.0
鋼筋價格指數,2021-03-02,652.0,652.0,652.0,652.0
鋼筋價格指數,2021-03-01,656.5,656.5,656.5,656.5
鋼筋價格指數,2021-02-26,605.43,605.43,605.43,605.43
鋼筋價格指數,2021-02-25,607.5,607.5,607.5,607.5
鋼筋價格指數,2021-02-24,609.0,609.0,609.0,609.0
鋼筋價格指數,2021-02-23,610.0,610.0,610.0,610.0
鋼筋價格指數,2021-02-22,602.5,602.5,602.5,602.5
鋼筋價格指數,2021-02-19,604.0,604.0,604.0,604.0
鋼筋價格指數,2021-02-18,604.0,604.0,604.0,604.0
鋼筋價格指數,2021-02-17,606.0,606.0,606.0,606.0
鋼筋價格指數,2021-02-16,615.0,615.0,615.0,615.0
鋼筋價格指數,2021-02-15,614.0,614.0,614.0,614.0
鋼筋價格指數,2021-02-12,607.0,607.0,607.0,607.0
鋼筋價格指數,2021-02-11,601.5,601.5,601.5,601.5
鋼筋價格指數,2021-02-10,599.0,599.0,599.0,599.0
鋼筋價格指數,2021-02-09,598.0,598.0,598.0,598.0
鋼筋價格指數,2021-02-08,600.0,600.0,600.0,600.0
鋼筋價格指數,2021-02-05,597.5,597.5,597.5,597.5
鋼筋價格指數,2021-02-04,598.0,598.0,598.0,598.0
鋼筋價格指數,2021-02-03,580.0,580.0,580.0,580.0
鋼筋價格指數,2021-02-02,579.5,579.5,579.5,579.5
鋼筋價格指數,2021-02-01,563.0,563.0,563.0,563.0
鋼筋價格指數,2021-01-29,629.6,629.6,629.6,629.6
鋼筋價格指數,2021-01-28,631.0,631.0,631.0,631.0
鋼筋價格指數,2021-01-27,631.0,631.0,631.0,631.0
鋼筋價格指數,2021-01-26,633.0,633.0,633.0,633.0
鋼筋價格指數,2021-01-25,635.0,635.0,635.0,635.0
鋼筋價格指數,2021-01-22,632.0,632.0,632.0,632.0
鋼筋價格指數,2021-01-21,634.0,634.0,634.0,634.0
鋼筋價格指數,2021-01-20,631.5,631.5,631.5,631.5
鋼筋價格指數,2021-01-19,637.0,637.0,637.0,637.0
鋼筋價格指數,2021-01-18,640.0,640.0,640.0,640.0
鋼筋價格指數,2021-01-15,638.0,638.0,638.0,638.0
鋼筋價格指數,2021-01-14,643.5,643.5,643.5,643.5
鋼筋價格指數,2021-01-13,634.0,634.0,634.0,634.0
鋼筋價格指數,2021-01-12,633.5,633.5,633.5,633.5
鋼筋價格指數,2021-01-11,646.5,646.5,646.5,646.5
鋼筋價格指數,2021-01-08,660.0,660.0,660.0,660.0
鋼筋價格指數,2021-01-07,658.0,658.0,658.0,658.0
鋼筋價格指數,2021-01-06,651.0,651.0,651.0,651.0
鋼筋價格指數,2021-01-05,662.0,662.0,662.0,662.0
鋼筋價格指數,2021-01-04,656.0,656.0,656.0,656.0
鋼筋價格指數,2020-12-31,593.52,593.52,593.52,593.52
鋼筋價格指數,2020-12-30,593.0,593.0,593.0,593.0
鋼筋價格指數,2020-12-29,592.0,592.0,592.0,592.0
鋼筋價格指數,2020-12-24,596.0,596.0,596.0,596.0
鋼筋價格指數,2020-12-23,600.5,600.5,600.5,600.5
鋼筋價格指數,2020-12-22,597.0,597.0,597.0,597.0
鋼筋價格指數,2020-12-21,600.0,600.0,600.0,600.0
鋼筋價格指數,2020-12-18,597.5,597.5,597.5,597.5
鋼筋價格指數,2020-12-17,592.5,592.5,592.5,592.5
鋼筋價格指數,2020-12-16,590.5,590.5,590.5,590.5
鋼筋價格指數,2020-12-15,581.0,581.0,581.0,581.0
鋼筋價格指數,2020-12-14,570.0,570.0,570.0,570.0
鋼筋價格指數,2020-12-11,575.5,575.5,575.5,575.5
鋼筋價格指數,2020-12-10,575.5,575.5,575.5,575.5
鋼筋價格指數,2020-12-09,574.0,574.0,574.0,574.0
鋼筋價格指數,2020-12-08,564.0,564.0,564.0,564.0
鋼筋價格指數,2020-12-07,562.0,562.0,562.0,562.0
鋼筋價格指數,2020-12-04,558.0,558.0,558.0,558.0
鋼筋價格指數,2020-12-03,553.5,553.5,553.5,553.5
鋼筋價格指數,2020-12-02,555.5,555.5,555.5,555.5
鋼筋價格指數,2020-12-01,554.5,554.5,554.5,554.5
鋼筋價格指數,2020-11-30,486.26,486.26,486.26,486.26
鋼筋價格指數,2020-11-27,488.5,488.5,488.5,488.5
鋼筋價格指數,2020-11-26,486.5,486.5,486.5,486.5
鋼筋價格指數,2020-11-25,486.5,486.5,486.5,486.5
鋼筋價格指數,2020-11-24,486.0,486.0,486.0,486.0
鋼筋價格指數,2020-11-23,489.0,489.0,489.0,489.0
鋼筋價格指數,2020-11-20,491.5,491.5,491.5,491.5
鋼筋價格指數,2020-11-19,497.5,497.5,497.5,497.5
鋼筋價格指數,2020-11-18,496.0,496.0,496.0,496.0
鋼筋價格指數,2020-11-17,491.5,491.5,491.5,491.5
鋼筋價格指數,2020-11-16,486.0,486.0,486.0,486.0
鋼筋價格指數,2020-11-13,482.0,482.0,482.0,482.0
鋼筋價格指數,2020-11-12,477.5,477.5,477.5,477.5
鋼筋價格指數,2020-11-11,470.5,470.5,470.5,470.5
鋼筋價格指數,2020-11-10,464.0,464.0,464.0,464.0
鋼筋價格指數,2020-11-09,470.0,470.0,470.0,470.0
鋼筋價格指數,2020-11-06,463.0,463.0,463.0,463.0
鋼筋價格指數,2020-11-05,461.0,461.0,461.0,461.0
鋼筋價格指數,2020-11-04,464.5,464.5,464.5,464.5
鋼筋價格指數,2020-11-03,462.0,462.0,462.0,462.0
鋼筋價格指數,2020-11-02,461.0,461.0,461.0,461.0
鋼筋價格指數,2020-10-30,445.48,445.48,445.48,445.48
鋼筋價格指數,2020-10-29,446.0,446.0,446.0,446.0
鋼筋價格指數,2020-10-28,448.0,448.0,448.0,448.0
鋼筋價格指數,2020-10-27,447.0,447.0,447.0,447.0
鋼筋價格指數,2020-10-26,447.0,447.0,447.0,447.0
鋼筋價格指數,2020-10-23,448.5,448.5,448.5,448.5
鋼筋價格指數,2020-10-22,448.0,448.0,448.0,448.0
鋼筋價格指數,2020-10-21,448.5,448.5,448.5,448.5
鋼筋價格指數,2020-10-20,448.0,448.0,448.0,448.0
鋼筋價格指數,2020-10-19,447.0,447.0,447.0,447.0
鋼筋價格指數,2020-10-16,447.5,447.5,447.5,447.5
鋼筋價格指數,2020-10-15,448.0,448.0,448.0,448.0
鋼筋價格指數,2020-10-14,447.0,447.0,447.0,447.0
鋼筋價格指數,2020-10-13,446.5,446.5,446.5,446.5
鋼筋價格指數,2020-10-12,447.5,447.5,447.5,447.5
鋼筋價格指數,2020-10-09,448.5,448.5,448.5,448.5
鋼筋價格指數,2020-10-08,447.0,447.0,447.0,447.0
鋼筋價格指數,2020-10-07,450.5,450.5,450.5,450.5
鋼筋價格指數,2020-10-06,450.0,450.0,450.0,450.0
鋼筋價格指數,2020-10-05,449.5,449.5,449.5,449.5
鋼筋價格指數,2020-10-02,446.0,446.0,446.0,446.0
鋼筋價格指數,2020-10-01,453.5,453.5,453.5,453.5
鋼筋價格指數,2020-09-30,454.98,454.98,454.98,454.98
鋼筋價格指數,2020-09-29,455.5,455.5,455.5,455.5
鋼筋價格指數,2020-09-28,460.0,460.0,460.0,460.0
鋼筋價格指數,2020-09-25,459.0,459.0,459.0,459.0
鋼筋價格指數,2020-09-24,455.5,455.5,455.5,455.5
鋼筋價格指數,2020-09-23,455.5,455.5,455.5,455.5
鋼筋價格指數,2020-09-22,454.5,454.5,454.5,454.5
鋼筋價格指數,2020-09-21,452.5,452.5,452.5,452.5
鋼筋價格指數,2020-09-18,459.5,459.5,459.5,459.5
鋼筋價格指數,2020-09-17,455.0,455.0,455.0,455.0
鋼筋價格指數,2020-09-16,453.5,453.5,453.5,453.5
鋼筋價格指數,2020-09-15,455.0,455.0,455.0,455.0
鋼筋價格指數,2020-09-14,458.5,458.5,458.5,458.5
鋼筋價格指數,2020-09-11,461.0,461.0,461.0,461.0
鋼筋價格指數,2020-09-10,462.0,462.0,462.0,462.0
鋼筋價格指數,2020-09-09,461.0,461.0,461.0,461.0
鋼筋價格指數,2020-09-08,468.0,468.0,468.0,468.0
鋼筋價格指數,2020-09-07,463.5,463.5,463.5,463.5
鋼筋價格指數,2020-09-04,460.0,460.0,460.0,460.0
鋼筋價格指數,2020-09-03,464.0,464.0,464.0,464.0
鋼筋價格指數,2020-09-02,460.0,460.0,460.0,460.0
鋼筋價格指數,2020-09-01,459.0,459.0,459.0,459.0
鋼筋價格指數,2020-08-28,440.05,440.05,440.05,440.05
鋼筋價格指數,2020-08-27,444.0,444.0,444.0,444.0
鋼筋價格指數,2020-08-26,444.0,444.0,444.0,444.0
鋼筋價格指數,2020-08-25,444.0,444.0,444.0,444.0
鋼筋價格指數,2020-08-24,440.5,440.5,440.5,440.5
鋼筋價格指數,2020-08-21,440.0,440.0,440.0,440.0
鋼筋價格指數,2020-08-20,445.0,445.0,445.0,445.0
鋼筋價格指數,2020-08-19,444.0,444.0,444.0,444.0
鋼筋價格指數,2020-08-18,447.0,447.0,447.0,447.0
鋼筋價格指數,2020-08-17,444.5,444.5,444.5,444.5
鋼筋價格指數,2020-08-14,447.5,447.5,447.5,447.5
鋼筋價格指數,2020-08-13,447.5,447.5,447.5,447.5
鋼筋價格指數,2020-08-12,446.5,446.5,446.5,446.5
鋼筋價格指數,2020-08-11,444.5,444.5,444.5,444.5
鋼筋價格指數,2020-08-10,448.0,448.0,448.0,448.0
鋼筋價格指數,2020-08-07,451.0,451.0,451.0,451.0
鋼筋價格指數,2020-08-06,454.0,454.0,454.0,454.0
鋼筋價格指數,2020-08-05,449.5,449.5,449.5,449.5
鋼筋價格指數,2020-08-04,449.0,449.0,449.0,449.0
鋼筋價格指數,2020-08-03,453.5,453.5,453.5,453.5
鋼筋價格指數,2020-07-31,419.0,419.0,419.0,419.0
鋼筋價格指數,2020-07-30,421.0,421.0,421.0,421.0
鋼筋價格指數,2020-07-29,420.5,420.5,420.5,420.5
鋼筋價格指數,2020-07-28,423.5,423.5,423.5,423.5
鋼筋價格指數,2020-07-27,425.5,425.5,425.5,425.5
鋼筋價格指數,2020-07-24,426.0,426.0,426.0,426.0
鋼筋價格指數,2020-07-23,427.5,427.5,427.5,427.5
鋼筋價格指數,2020-07-22,425.0,425.0,425.0,425.0
鋼筋價格指數,2020-07-21,423.5,423.5,423.5,423.5
鋼筋價格指數,2020-07-20,423.5,423.5,423.5,423.5
鋼筋價格指數,2020-07-17,420.0,420.0,420.0,420.0
鋼筋價格指數,2020-07-16,417.0,417.0,417.0,417.0
鋼筋價格指數,2020-07-15,416.5,416.5,416.5,416.5
鋼筋價格指數,2020-07-14,414.0,414.0,414.0,414.0
鋼筋價格指數,2020-07-13,411.5,411.5,411.5,411.5
鋼筋價格指數,2020-07-10,411.5,411.5,411.5,411.5
鋼筋價格指數,2020-07-09,410.0,410.0,410.0,410.0
鋼筋價格指數,2020-07-08,413.5,413.5,413.5,413.5
鋼筋價格指數,2020-07-07,415.5,415.5,415.5,415.5
鋼筋價格指數,2020-07-06,415.0,415.0,415.0,415.0
鋼筋價格指數,2020-07-03,414.5,414.5,414.5,414.5
鋼筋價格指數,2020-07-02,416.5,416.5,416.5,416.5
鋼筋價格指數,2020-07-01,418.0,418.0,418.0,418.0
鋼筋價格指數,2020-06-30,415.95,415.95,415.95,415.95
鋼筋價格指數,2020-06-29,416.0,416.0,416.0,416.0
鋼筋價格指數,2020-06-26,416.5,416.5,416.5,416.5
鋼筋價格指數,2020-06-25,415.5,415.5,415.5,415.5
鋼筋價格指數,2020-06-24,419.0,419.0,419.0,419.0
鋼筋價格指數,2020-06-23,417.5,417.5,417.5,417.5
鋼筋價格指數,2020-06-22,417.0,417.0,417.0,417.0
鋼筋價格指數,2020-06-19,418.0,418.0,418.0,418.0
鋼筋價格指數,2020-06-18,417.5,417.5,417.5,417.5
鋼筋價格指數,2020-06-17,421.5,421.5,421.5,421.5
鋼筋價格指數,2020-06-16,425.0,425.0,425.0,425.0
鋼筋價格指數,2020-06-15,425.5,425.5,425.5,425.5
鋼筋價格指數,2020-06-12,422.0,422.0,422.0,422.0
鋼筋價格指數,2020-06-11,420.0,420.0,420.0,420.0
鋼筋價格指數,2020-06-10,425.0,425.0,425.0,425.0
鋼筋價格指數,2020-06-09,425.5,425.5,425.5,425.5
鋼筋價格指數,2020-06-08,422.5,422.5,422.5,422.5
鋼筋價格指數,2020-06-05,420.0,420.0,420.0,420.0
鋼筋價格指數,2020-06-04,420.0,420.0,420.0,420.0
鋼筋價格指數,2020-06-03,423.5,423.5,423.5,423.5
鋼筋價格指數,2020-06-02,427.0,427.0,427.0,427.0
鋼筋價格指數,2020-06-01,425.5,425.5,425.5,425.5
鋼筋價格指數,2020-05-29,398.76,398.76,398.76,398.76
鋼筋價格指數,2020-05-28,398.5,398.5,398.5,398.5
鋼筋價格指數,2020-05-27,397.0,397.0,397.0,397.0
鋼筋價格指數,2020-05-26,399.0,399.0,399.0,399.0
鋼筋價格指數,2020-05-22,398.5,398.5,398.5,398.5
鋼筋價格指數,2020-05-21,397.5,397.5,397.5,397.5
鋼筋價格指數,2020-05-20,400.5,400.5,400.5,400.5
鋼筋價格指數,2020-05-19,404.5,404.5,404.5,404.5
鋼筋價格指數,2020-05-18,403.5,403.5,403.5,403.5
鋼筋價格指數,2020-05-15,404.0,404.0,404.0,404.0
鋼筋價格指數,2020-05-14,400.5,400.5,400.5,400.5
鋼筋價格指數,2020-05-13,402.5,402.5,402.5,402.5
鋼筋價格指數,2020-05-12,403.5,403.5,403.5,403.5
鋼筋價格指數,2020-05-11,404.0,404.0,404.0,404.0
鋼筋價格指數,2020-05-07,405.5,405.5,405.5,405.5
鋼筋價格指數,2020-05-06,401.0,401.0,401.0,401.0
鋼筋價格指數,2020-05-05,402.0,402.0,402.0,402.0
鋼筋價格指數,2020-05-04,399.5,399.5,399.5,399.5
鋼筋價格指數,2020-05-01,399.0,399.0,399.0,399.0
鋼筋價格指數,2020-04-30,402.93,402.93,402.93,402.93
鋼筋價格指數,2020-04-29,403.5,403.5,403.5,403.5
鋼筋價格指數,2020-04-28,403.5,403.5,403.5,403.5
鋼筋價格指數,2020-04-27,405.5,405.5,405.5,405.5
鋼筋價格指數,2020-04-24,403.0,403.0,403.0,403.0
鋼筋價格指數,2020-04-23,399.0,399.0,399.0,399.0
鋼筋價格指數,2020-04-22,402.0,402.0,402.0,402.0
鋼筋價格指數,2020-04-21,401.5,401.5,401.5,401.5
鋼筋價格指數,2020-04-20,408.0,408.0,408.0,408.0
鋼筋價格指數,2020-04-17,409.0,409.0,409.0,409.0
鋼筋價格指數,2020-04-16,414.0,414.0,414.0,414.0
鋼筋價格指數,2020-04-15,417.0,417.0,417.0,417.0
鋼筋價格指數,2020-04-14,412.0,412.0,412.0,412.0
鋼筋價格指數,2020-04-09,393.0,393.0,393.0,393.0
鋼筋價格指數,2020-04-08,393.0,393.0,393.0,393.0
鋼筋價格指數,2020-04-07,393.0,393.0,393.0,393.0
鋼筋價格指數,2020-04-06,393.0,393.0,393.0,393.0
鋼筋價格指數,2020-04-03,378.0,378.0,378.0,378.0
鋼筋價格指數,2020-04-02,372.5,372.5,372.5,372.5
鋼筋價格指數,2020-04-01,372.5,372.5,372.5,372.5
鋼筋價格指數,2020-03-31,415.0,415.0,415.0,415.0
鋼筋價格指數,2020-03-30,416.0,416.0,416.0,416.0
鋼筋價格指數,2020-03-27,416.0,416.0,416.0,416.0
鋼筋價格指數,2020-03-26,418.0,418.0,418.0,418.0
鋼筋價格指數,2020-03-25,420.0,420.0,420.0,420.0
鋼筋價格指數,2020-03-24,420.0,420.0,420.0,420.0
鋼筋價格指數,2020-03-23,424.0,424.0,424.0,424.0
鋼筋價格指數,2020-03-20,424.0,424.0,424.0,424.0
鋼筋價格指數,2020-03-19,424.0,424.0,424.0,424.0
鋼筋價格指數,2020-03-18,425.0,425.0,425.0,425.0
鋼筋價格指數,2020-03-17,427.0,427.0,427.0,427.0
鋼筋價格指數,2020-03-16,428.0,428.0,428.0,428.0
鋼筋價格指數,2020-03-13,429.0,429.0,429.0,429.0
鋼筋價格指數,2020-03-12,430.0,430.0,430.0,430.0
鋼筋價格指數,2020-03-11,430.0,430.0,430.0,430.0
鋼筋價格指數,2020-03-10,430.0,430.0,430.0,430.0
鋼筋價格指數,2020-03-09,430.0,430.0,430.0,430.0
鋼筋價格指數,2020-03-06,430.0,430.0,430.0,430.0
鋼筋價格指數,2020-03-05,430.0,430.0,430.0,430.0
鋼筋價格指數,2020-03-04,430.0,430.0,430.0,430.0
鋼筋價格指數,2020-03-03,430.0,430.0,430.0,430.0
鋼筋價格指數,2020-03-02,430.0,430.0,430.0,430.0
鋼筋價格指數,2020-02-28,428.21,428.21,428.21,428.21
鋼筋價格指數,2020-02-27,429.0,429.0,429.0,429.0
鋼筋價格指數,2020-02-26,429.0,429.0,429.0,429.0
鋼筋價格指數,2020-02-25,429.0,429.0,429.0,429.0
鋼筋價格指數,2020-02-24,428.0,428.0,428.0,428.0
鋼筋價格指數,2020-02-21,426.0,426.0,426.0,426.0
鋼筋價格指數,2020-02-20,427.0,427.0,427.0,427.0
鋼筋價格指數,2020-02-19,427.0,427.0,427.0,427.0
鋼筋價格指數,2020-02-18,425.0,425.0,425.0,425.0
鋼筋價格指數,2020-02-17,425.0,425.0,425.0,425.0
鋼筋價格指數,2020-02-14,425.0,425.0,425.0,425.0
鋼筋價格指數,2020-02-13,425.0,425.0,425.0,425.0
鋼筋價格指數,2020-02-12,423.0,423.0,423.0,423.0
鋼筋價格指數,2020-02-11,422.0,422.0,422.0,422.0
鋼筋價格指數,2020-02-10,422.0,422.0,422.0,422.0
鋼筋價格指數,2020-02-07,422.0,422.0,422.0,422.0
鋼筋價格指數,2020-02-06,407.0,407.0,407.0,407.0
鋼筋價格指數,2020-02-05,407.0,407.0,407.0,407.0
鋼筋價格指數,2020-02-04,418.0,418.0,418.0,418.0
鋼筋價格指數,2020-02-03,417.0,417.0,417.0,417.0
鋼筋價格指數,2020-01-31,436.06,436.06,436.06,436.06
鋼筋價格指數,2020-01-30,435.0,435.0,435.0,435.0
鋼筋價格指數,2020-01-29,434.0,434.0,434.0,434.0
鋼筋價格指數,2020-01-28,433.0,433.0,433.0,433.0
鋼筋價格指數,2020-01-27,436.5,436.5,436.5,436.5
鋼筋價格指數,2020-01-24,436.0,436.0,436.0,436.0
鋼筋價格指數,2020-01-23,436.0,436.0,436.0,436.0
鋼筋價格指數,2020-01-22,436.0,436.0,436.0,436.0
鋼筋價格指數,2020-01-21,433.0,433.0,433.0,433.0
鋼筋價格指數,2020-01-20,436.0,436.0,436.0,436.0
鋼筋價格指數,2020-01-17,439.0,439.0,439.0,439.0
鋼筋價格指數,2020-01-16,438.0,438.0,438.0,438.0
鋼筋價格指數,2020-01-15,440.0,440.0,440.0,440.0
鋼筋價格指數,2020-01-14,445.0,445.0,445.0,445.0
鋼筋價格指數,2020-01-13,444.0,444.0,444.0,444.0
鋼筋價格指數,2020-01-10,444.5,444.5,444.5,444.5
鋼筋價格指數,2020-01-09,440.0,440.0,440.0,440.0
鋼筋價格指數,2020-01-08,441.0,441.0,441.0,441.0
鋼筋價格指數,2020-01-07,441.0,441.0,441.0,441.0
鋼筋價格指數,2020-01-06,446.0,446.0,446.0,446.0
鋼筋價格指數,2020-01-03,449.0,449.0,449.0,449.0
鋼筋價格指數,2020-01-02,450.0,450.0,450.0,450.0
鋼筋價格指數,2019-12-31,441.93,441.93,441.93,441.93
鋼筋價格指數,2019-12-30,442.0,442.0,442.0,442.0
鋼筋價格指數,2019-12-27,442.0,442.0,442.0,442.0
鋼筋價格指數,2019-12-24,442.5,442.5,442.5,442.5
鋼筋價格指數,2019-12-23,442.5,442.5,442.5,442.5
鋼筋價格指數,2019-12-20,444.0,444.0,444.0,444.0
鋼筋價格指數,2019-12-19,444.0,444.0,444.0,444.0
鋼筋價格指數,2019-12-18,446.0,446.0,446.0,446.0
鋼筋價格指數,2019-12-17,445.0,445.0,445.0,445.0
鋼筋價格指數,2019-12-16,446.0,446.0,446.0,446.0
鋼筋價格指數,2019-12-13,456.0,456.0,456.0,456.0
鋼筋價格指數,2019-12-12,453.5,453.5,453.5,453.5
鋼筋價格指數,2019-12-11,444.5,444.5,444.5,444.5
鋼筋價格指數,2019-12-10,445.5,445.5,445.5,445.5
鋼筋價格指數,2019-12-09,445.5,445.5,445.5,445.5
鋼筋價格指數,2019-12-06,443.0,443.0,443.0,443.0
鋼筋價格指數,2019-12-05,434.0,434.0,434.0,434.0
鋼筋價格指數,2019-12-04,438.0,438.0,438.0,438.0
鋼筋價格指數,2019-12-03,431.0,431.0,431.0,431.0
鋼筋價格指數,2019-12-02,431.0,431.0,431.0,431.0
鋼筋價格指數,2019-11-29,417.43,417.43,417.43,417.43
鋼筋價格指數,2019-11-28,418.0,418.0,418.0,418.0
鋼筋價格指數,2019-11-27,418.0,418.0,418.0,418.0
鋼筋價格指數,2019-11-26,419.0,419.0,419.0,419.0
鋼筋價格指數,2019-11-25,420.0,420.0,420.0,420.0
鋼筋價格指數,2019-11-22,420.0,420.0,420.0,420.0
鋼筋價格指數,2019-11-21,420.0,420.0,420.0,420.0
鋼筋價格指數,2019-11-20,421.5,421.5,421.5,421.5
鋼筋價格指數,2019-11-19,421.0,421.0,421.0,421.0
鋼筋價格指數,2019-11-18,423.0,423.0,423.0,423.0
鋼筋價格指數,2019-11-15,421.0,421.0,421.0,421.0
鋼筋價格指數,2019-11-14,422.5,422.5,422.5,422.5
鋼筋價格指數,2019-11-13,418.0,418.0,418.0,418.0
鋼筋價格指數,2019-11-12,417.0,417.0,417.0,417.0
鋼筋價格指數,2019-11-11,419.0,419.0,419.0,419.0
鋼筋價格指數,2019-11-08,423.5,423.5,423.5,423.5
鋼筋價格指數,2019-11-07,423.0,423.0,423.0,423.0
鋼筋價格指數,2019-11-06,418.0,418.0,418.0,418.0
鋼筋價格指數,2019-11-05,419.5,419.5,419.5,419.5
鋼筋價格指數,2019-11-04,415.5,415.5,415.5,415.5
鋼筋價格指數,2019-11-01,416.0,416.0,416.0,416.0
鋼筋價格指數,2019-10-31,405.1,405.1,405.1,405.1
鋼筋價格指數,2019-10-30,405.5,405.5,405.5,405.5
鋼筋價格指數,2019-10-29,406.0,406.0,406.0,406.0
鋼筋價格指數,2019-10-28,406.0,406.0,406.0,406.0
鋼筋價格指數,2019-10-25,407.5,407.5,407.5,407.5
鋼筋價格指數,2019-10-24,405.0,405.0,405.0,405.0
鋼筋價格指數,2019-10-23,405.0,405.0,405.0,405.0
鋼筋價格指數,2019-10-22,405.0,405.0,405.0,405.0
鋼筋價格指數,2019-10-21,405.0,405.0,405.0,405.0
鋼筋價格指數,2019-10-18,405.0,405.0,405.0,405.0
鋼筋價格指數,2019-10-17,404.0,404.0,404.0,404.0
鋼筋價格指數,2019-10-16,404.0,404.0,404.0,404.0
鋼筋價格指數,2019-10-15,403.0,403.0,403.0,403.0
鋼筋價格指數,2019-10-14,405.0,405.0,405.0,405.0
鋼筋價格指數,2019-10-11,407.0,407.0,407.0,407.0
鋼筋價格指數,2019-10-10,406.5,406.5,406.5,406.5
鋼筋價格指數,2019-10-09,405.0,405.0,405.0,405.0
鋼筋價格指數,2019-10-08,407.0,407.0,407.0,407.0
鋼筋價格指數,2019-10-07,411.0,411.0,411.0,411.0
鋼筋價格指數,2019-10-04,404.0,404.0,404.0,404.0
鋼筋價格指數,2019-10-03,399.0,399.0,399.0,399.0
鋼筋價格指數,2019-10-02,398.0,398.0,398.0,398.0
鋼筋價格指數,2019-10-01,395.0,395.0,395.0,395.0
鋼筋價格指數,2019-09-30,412.73,412.73,412.73,412.73
鋼筋價格指數,2019-09-27,412.0,412.0,412.0,412.0
鋼筋價格指數,2019-09-26,413.0,413.0,413.0,413.0
鋼筋價格指數,2019-09-25,412.0,412.0,412.0,412.0
鋼筋價格指數,2019-09-24,412.0,412.0,412.0,412.0
鋼筋價格指數,2019-09-23,412.0,412.0,412.0,412.0
鋼筋價格指數,2019-09-20,412.0,412.0,412.0,412.0
鋼筋價格指數,2019-09-19,415.0,415.0,415.0,415.0
鋼筋價格指數,2019-09-18,415.0,415.0,415.0,415.0
鋼筋價格指數,2019-09-17,416.5,416.5,416.5,416.5
鋼筋價格指數,2019-09-16,417.0,417.0,417.0,417.0
鋼筋價格指數,2019-09-13,417.0,417.0,417.0,417.0
鋼筋價格指數,2019-09-12,421.5,421.5,421.5,421.5
鋼筋價格指數,2019-09-11,419.5,419.5,419.5,419.5
鋼筋價格指數,2019-09-10,421.5,421.5,421.5,421.5
鋼筋價格指數,2019-09-09,421.5,421.5,421.5,421.5
鋼筋價格指數,2019-09-06,415.5,415.5,415.5,415.5
鋼筋價格指數,2019-09-05,420.0,420.0,420.0,420.0
鋼筋價格指數,2019-09-04,430.0,430.0,430.0,430.0
鋼筋價格指數,2019-09-03,436.5,436.5,436.5,436.5
鋼筋價格指數,2019-09-02,443.0,443.0,443.0,443.0
鋼筋價格指數,2019-08-30,448.55,448.55,448.55,448.55
鋼筋價格指數,2019-08-29,448.0,448.0,448.0,448.0
鋼筋價格指數,2019-08-28,448.0,448.0,448.0,448.0
鋼筋價格指數,2019-08-27,448.0,448.0,448.0,448.0
鋼筋價格指數,2019-08-23,447.0,447.0,447.0,447.0
鋼筋價格指數,2019-08-22,445.0,445.0,445.0,445.0
鋼筋價格指數,2019-08-21,444.5,444.5,444.5,444.5
鋼筋價格指數,2019-08-20,452.0,452.0,452.0,452.0
鋼筋價格指數,2019-08-19,451.0,451.0,451.0,451.0
鋼筋價格指數,2019-08-16,452.0,452.0,452.0,452.0
鋼筋價格指數,2019-08-15,452.0,452.0,452.0,452.0
鋼筋價格指數,2019-08-14,454.0,454.0,454.0,454.0
鋼筋價格指數,2019-08-13,454.0,454.0,454.0,454.0
鋼筋價格指數,2019-08-12,452.0,452.0,452.0,452.0
鋼筋價格指數,2019-08-09,452.0,452.0,452.0,452.0
鋼筋價格指數,2019-08-08,456.0,456.0,456.0,456.0
鋼筋價格指數,2019-08-07,460.0,460.0,460.0,460.0
鋼筋價格指數,2019-08-06,464.0,464.0,464.0,464.0
鋼筋價格指數,2019-08-05,460.0,460.0,460.0,460.0
鋼筋價格指數,2019-08-02,460.0,460.0,460.0,460.0
鋼筋價格指數,2019-08-01,465.0,465.0,465.0,465.0
鋼筋價格指數,2019-07-31,460.65,460.65,460.65,460.65
鋼筋價格指數,2019-07-30,461.0,461.0,461.0,461.0
鋼筋價格指數,2019-07-29,461.0,461.0,461.0,461.0
鋼筋價格指數,2019-07-26,461.0,461.0,461.0,461.0
鋼筋價格指數,2019-07-25,461.0,461.0,461.0,461.0
鋼筋價格指數,2019-07-24,461.0,461.0,461.0,461.0
鋼筋價格指數,2019-07-23,463.0,463.0,463.0,463.0
鋼筋價格指數,2019-07-22,463.0,463.0,463.0,463.0
鋼筋價格指數,2019-07-19,464.0,464.0,464.0,464.0
鋼筋價格指數,2019-07-18,464.0,464.0,464.0,464.0
鋼筋價格指數,2019-07-17,466.0,466.0,466.0,466.0
鋼筋價格指數,2019-07-16,468.0,468.0,468.0,468.0
鋼筋價格指數,2019-07-15,469.0,469.0,469.0,469.0
鋼筋價格指數,2019-07-12,468.0,468.0,468.0,468.0
鋼筋價格指數,2019-07-11,464.0,464.0,464.0,464.0
鋼筋價格指數,2019-07-10,466.0,466.0,466.0,466.0
鋼筋價格指數,2019-07-09,466.0,466.0,466.0,466.0
鋼筋價格指數,2019-07-08,468.0,468.0,468.0,468.0
鋼筋價格指數,2019-07-05,472.0,472.0,472.0,472.0
鋼筋價格指數,2019-07-04,478.0,478.0,478.0,478.0
鋼筋價格指數,2019-07-03,478.0,478.0,478.0,478.0
鋼筋價格指數,2019-07-02,479.0,479.0,479.0,479.0
鋼筋價格指數,2019-07-01,477.5,477.5,477.5,477.5
鋼筋價格指數,2019-06-28,467.53,467.53,467.53,467.53
鋼筋價格指數,2019-06-27,467.0,467.0,467.0,467.0
鋼筋價格指數,2019-06-26,467.0,467.0,467.0,467.0
鋼筋價格指數,2019-06-25,467.0,467.0,467.0,467.0
鋼筋價格指數,2019-06-24,468.0,468.0,468.0,468.0
鋼筋價格指數,2019-06-21,469.0,469.0,469.0,469.0
鋼筋價格指數,2019-06-20,469.0,469.0,469.0,469.0
鋼筋價格指數,2019-06-19,470.0,470.0,470.0,470.0
鋼筋價格指數,2019-06-18,470.0,470.0,470.0,470.0
鋼筋價格指數,2019-06-17,469.0,469.0,469.0,469.0
鋼筋價格指數,2019-06-14,472.0,472.0,472.0,472.0
鋼筋價格指數,2019-06-13,472.5,472.5,472.5,472.5
鋼筋價格指數,2019-06-12,479.0,479.0,479.0,479.0
鋼筋價格指數,2019-06-11,479.0,479.0,479.0,479.0
鋼筋價格指數,2019-06-10,476.0,476.0,476.0,476.0
鋼筋價格指數,2019-06-07,472.0,472.0,472.0,472.0
鋼筋價格指數,2019-06-06,476.0,476.0,476.0,476.0
鋼筋價格指數,2019-06-05,477.5,477.5,477.5,477.5
鋼筋價格指數,2019-06-04,476.0,476.0,476.0,476.0
鋼筋價格指數,2019-06-03,472.0,472.0,472.0,472.0
鋼筋價格指數,2019-05-31,470.14,470.14,470.14,470.14
鋼筋價格指數,2019-05-30,470.0,470.0,470.0,470.0
鋼筋價格指數,2019-05-29,470.0,470.0,470.0,470.0
鋼筋價格指數,2019-05-28,469.0,469.0,469.0,469.0
鋼筋價格指數,2019-05-24,471.5,471.5,471.5,471.5
鋼筋價格指數,2019-05-23,471.0,471.0,471.0,471.0
鋼筋價格指數,2019-05-22,472.0,472.0,472.0,472.0
鋼筋價格指數,2019-05-21,468.5,468.5,468.5,468.5
鋼筋價格指數,2019-05-20,466.0,466.0,466.0,466.0
鋼筋價格指數,2019-05-17,469.5,469.5,469.5,469.5
鋼筋價格指數,2019-05-16,466.0,466.0,466.0,466.0
鋼筋價格指數,2019-05-15,466.0,466.0,466.0,466.0
鋼筋價格指數,2019-05-14,465.0,465.0,465.0,465.0
鋼筋價格指數,2019-05-13,465.5,465.5,465.5,465.5
鋼筋價格指數,2019-05-10,466.0,466.0,466.0,466.0
鋼筋價格指數,2019-05-09,464.0,464.0,464.0,464.0
鋼筋價格指數,2019-05-08,459.5,459.5,459.5,459.5
鋼筋價格指數,2019-05-07,466.0,466.0,466.0,466.0
鋼筋價格指數,2019-05-03,471.0,471.0,471.0,471.0
鋼筋價格指數,2019-05-02,466.0,466.0,466.0,466.0
鋼筋價格指數,2019-05-01,478.0,478.0,478.0,478.0
鋼筋價格指數,2019-04-30,480.18,480.18,480.18,480.18
鋼筋價格指數,2019-04-29,478.5,478.5,478.5,478.5
鋼筋價格指數,2019-04-26,473.5,473.5,473.5,473.5
鋼筋價格指數,2019-04-25,476.0,476.0,476.0,476.0
鋼筋價格指數,2019-04-24,480.0,480.0,480.0,480.0
鋼筋價格指數,2019-04-23,482.0,482.0,482.0,482.0
鋼筋價格指數,2019-04-18,476.0,476.0,476.0,476.0
鋼筋價格指數,2019-04-17,480.0,480.0,480.0,480.0
鋼筋價格指數,2019-04-16,481.0,481.0,481.0,481.0
鋼筋價格指數,2019-04-15,482.0,482.0,482.0,482.0
鋼筋價格指數,2019-04-12,480.0,480.0,480.0,480.0
鋼筋價格指數,2019-04-11,480.0,480.0,480.0,480.0
鋼筋價格指數,2019-04-10,480.5,480.5,480.5,480.5
鋼筋價格指數,2019-04-09,486.0,486.0,486.0,486.0
鋼筋價格指數,2019-04-08,488.0,488.0,488.0,488.0
鋼筋價格指數,2019-04-05,483.0,483.0,483.0,483.0
鋼筋價格指數,2019-04-04,483.0,483.0,483.0,483.0
鋼筋價格指數,2019-04-03,486.0,486.0,486.0,486.0
鋼筋價格指數,2019-04-02,482.5,482.5,482.5,482.5
鋼筋價格指數,2019-04-01,488.5,488.5,488.5,488.5
鋼筋價格指數,2019-03-29,481.64,481.64,481.64,481.64
鋼筋價格指數,2019-03-28,481.5,481.5,481.5,481.5
鋼筋價格指數,2019-03-27,484.0,484.0,484.0,484.0
鋼筋價格指數,2019-03-26,483.0,483.0,483.0,483.0
鋼筋價格指數,2019-03-25,481.5,481.5,481.5,481.5
鋼筋價格指數,2019-03-22,480.0,480.0,480.0,480.0
鋼筋價格指數,2019-03-21,480.0,480.0,480.0,480.0
鋼筋價格指數,2019-03-20,480.0,480.0,480.0,480.0
鋼筋價格指數,2019-03-19,480.0,480.0,480.0,480.0
鋼筋價格指數,2019-03-18,479.0,479.0,479.0,479.0
鋼筋價格指數,2019-03-15,476.0,476.0,476.0,476.0
鋼筋價格指數,2019-03-14,481.0,481.0,481.0,481.0
鋼筋價格指數,2019-03-13,481.0,481.0,481.0,481.0
鋼筋價格指數,2019-03-12,481.0,481.0,481.0,481.0
鋼筋價格指數,2019-03-11,478.0,478.0,478.0,478.0
鋼筋價格指數,2019-03-08,478.0,478.0,478.0,478.0
鋼筋價格指數,2019-03-07,478.0,478.0,478.0,478.0
鋼筋價格指數,2019-03-06,479.0,479.0,479.0,479.0
鋼筋價格指數,2019-03-05,479.0,479.0,479.0,479.0
鋼筋價格指數,2019-03-04,480.0,480.0,480.0,480.0
鋼筋價格指數,2019-03-01,477.0,477.0,477.0,477.0
鋼筋價格指數,2019-02-28,471.13,471.13,471.13,471.13
鋼筋價格指數,2019-02-27,475.0,475.0,475.0,475.0
鋼筋價格指數,2019-02-26,472.5,472.5,472.5,472.5
鋼筋價格指數,2019-02-25,477.0,477.0,477.0,477.0
鋼筋價格指數,2019-02-22,479.5,479.5,479.5,479.5
鋼筋價格指數,2019-02-21,478.0,478.0,478.0,478.0
鋼筋價格指數,2019-02-20,474.0,474.0,474.0,474.0
鋼筋價格指數,2019-02-19,474.0,474.0,474.0,474.0
鋼筋價格指數,2019-02-18,478.0,478.0,478.0,478.0
鋼筋價格指數,2019-02-15,478.0,478.0,478.0,478.0
鋼筋價格指數,2019-02-14,473.0,473.0,473.0,473.0
鋼筋價格指數,2019-02-13,474.0,474.0,474.0,474.0
鋼筋價格指數,2019-02-12,470.0,470.0,470.0,470.0
鋼筋價格指數,2019-02-11,482.0,482.0,482.0,482.0
鋼筋價格指數,2019-02-08,480.5,480.5,480.5,480.5
鋼筋價格指數,2019-02-07,480.5,480.5,480.5,480.5
鋼筋價格指數,2019-02-06,484.0,484.0,484.0,484.0
鋼筋價格指數,2019-02-05,482.0,482.0,482.0,482.0
鋼筋價格指數,2019-02-04,472.0,472.0,472.0,472.0
鋼筋價格指數,2019-02-01,480.0,480.0,480.0,480.0
鋼筋價格指數,2019-01-31,445.73,445.73,445.73,445.73
鋼筋價格指數,2019-01-30,447.0,447.0,447.0,447.0
鋼筋價格指數,2019-01-29,447.0,447.0,447.0,447.0
鋼筋價格指數,2019-01-28,447.0,447.0,447.0,447.0
鋼筋價格指數,2019-01-25,447.0,447.0,447.0,447.0
鋼筋價格指數,2019-01-24,448.0,448.0,448.0,448.0
鋼筋價格指數,2019-01-23,448.0,448.0,448.0,448.0
鋼筋價格指數,2019-01-22,449.5,449.5,449.5,449.5
鋼筋價格指數,2019-01-21,449.5,449.5,449.5,449.5
鋼筋價格指數,2019-01-18,446.0,446.0,446.0,446.0
鋼筋價格指數,2019-01-17,446.0,446.0,446.0,446.0
鋼筋價格指數,2019-01-16,446.0,446.0,446.0,446.0
鋼筋價格指數,2019-01-15,447.0,447.0,447.0,447.0
鋼筋價格指數,2019-01-14,447.0,447.0,447.0,447.0
鋼筋價格指數,2019-01-11,450.0,450.0,450.0,450.0
鋼筋價格指數,2019-01-10,450.0,450.0,450.0,450.0
鋼筋價格指數,2019-01-09,450.0,450.0,450.0,450.0
鋼筋價格指數,2019-01-08,451.0,451.0,451.0,451.0
鋼筋價格指數,2019-01-07,450.5,450.5,450.5,450.5
鋼筋價格指數,2019-01-04,445.5,445.5,445.5,445.5
鋼筋價格指數,2019-01-03,445.5,445.5,445.5,445.5
鋼筋價格指數,2019-01-02,449.5,449.5,449.5,449.5
鋼筋價格指數,2018-12-31,467.28,467.28,467.28,467.28
鋼筋價格指數,2018-12-28,467.28,467.28,467.28,467.28
鋼筋價格指數,2018-12-27,463.0,463.0,463.0,463.0
鋼筋價格指數,2018-12-24,465.0,465.0,465.0,465.0
鋼筋價格指數,2018-12-21,459.0,459.0,459.0,459.0
鋼筋價格指數,2018-12-20,468.0,468.0,468.0,468.0
鋼筋價格指數,2018-12-19,466.0,466.0,466.0,466.0
鋼筋價格指數,2018-12-18,470.0,470.0,470.0,470.0
鋼筋價格指數,2018-12-17,473.5,473.5,473.5,473.5
鋼筋價格指數,2018-12-14,471.5,471.5,471.5,471.5
鋼筋價格指數,2018-12-13,473.5,473.5,473.5,473.5
鋼筋價格指數,2018-12-12,474.0,474.0,474.0,474.0
鋼筋價格指數,2018-12-11,474.0,474.0,474.0,474.0
鋼筋價格指數,2018-12-10,474.0,474.0,474.0,474.0
鋼筋價格指數,2018-12-07,474.0,474.0,474.0,474.0
鋼筋價格指數,2018-12-06,472.0,472.0,472.0,472.0
鋼筋價格指數,2018-12-05,470.5,470.5,470.5,470.5
鋼筋價格指數,2018-12-04,478.0,478.0,478.0,478.0
鋼筋價格指數,2018-12-03,474.0,474.0,474.0,474.0
鋼筋價格指數,2018-11-30,499.49,499.49,499.49,499.49
鋼筋價格指數,2018-11-29,499.0,499.0,499.0,499.0
鋼筋價格指數,2018-11-28,499.0,499.0,499.0,499.0
鋼筋價格指數,2018-11-27,499.0,499.0,499.0,499.0
鋼筋價格指數,2018-11-26,497.0,497.0,497.0,497.0
鋼筋價格指數,2018-11-23,493.5,493.5,493.5,493.5
鋼筋價格指數,2018-11-22,493.5,493.5,493.5,493.5
鋼筋價格指數,2018-11-21,499.0,499.0,499.0,499.0
鋼筋價格指數,2018-11-20,504.0,504.0,504.0,504.0
鋼筋價格指數,2018-11-19,506.0,506.0,506.0,506.0
鋼筋價格指數,2018-11-16,508.0,508.0,508.0,508.0
鋼筋價格指數,2018-11-15,505.0,505.0,505.0,505.0
鋼筋價格指數,2018-11-14,509.0,509.0,509.0,509.0
鋼筋價格指數,2018-11-13,506.0,506.0,506.0,506.0
鋼筋價格指數,2018-11-12,510.0,510.0,510.0,510.0
鋼筋價格指數,2018-11-09,513.5,513.5,513.5,513.5
鋼筋價格指數,2018-11-08,513.5,513.5,513.5,513.5
鋼筋價格指數,2018-11-07,513.5,513.5,513.5,513.5
鋼筋價格指數,2018-11-06,514.0,514.0,514.0,514.0
鋼筋價格指數,2018-11-05,524.0,524.0,524.0,524.0
鋼筋價格指數,2018-11-02,518.0,518.0,518.0,518.0
鋼筋價格指數,2018-11-01,514.0,514.0,514.0,514.0
鋼筋價格指數,2018-10-31,498.98,498.98,498.98,498.98
鋼筋價格指數,2018-10-30,500.0,500.0,500.0,500.0
鋼筋價格指數,2018-10-29,506.0,506.0,506.0,506.0
鋼筋價格指數,2018-10-26,506.0,506.0,506.0,506.0
鋼筋價格指數,2018-10-25,509.0,509.0,509.0,509.0
鋼筋價格指數,2018-10-24,510.0,510.0,510.0,510.0
鋼筋價格指數,2018-10-23,506.0,506.0,506.0,506.0
鋼筋價格指數,2018-10-22,502.5,502.5,502.5,502.5
鋼筋價格指數,2018-10-19,500.0,500.0,500.0,500.0
鋼筋價格指數,2018-10-18,500.0,500.0,500.0,500.0
鋼筋價格指數,2018-10-17,501.0,501.0,501.0,501.0
鋼筋價格指數,2018-10-16,504.0,504.0,504.0,504.0
鋼筋價格指數,2018-10-15,504.0,504.0,504.0,504.0
鋼筋價格指數,2018-10-12,504.0,504.0,504.0,504.0
鋼筋價格指數,2018-10-11,498.0,498.0,498.0,498.0
鋼筋價格指數,2018-10-10,498.0,498.0,498.0,498.0
鋼筋價格指數,2018-10-09,498.0,498.0,498.0,498.0
鋼筋價格指數,2018-10-08,497.0,497.0,497.0,497.0
鋼筋價格指數,2018-10-05,502.0,502.0,502.0,502.0
鋼筋價格指數,2018-10-04,503.0,503.0,503.0,503.0
鋼筋價格指數,2018-10-03,501.5,501.5,501.5,501.5
鋼筋價格指數,2018-10-02,500.0,500.0,500.0,500.0
鋼筋價格指數,2018-10-01,505.0,505.0,505.0,505.0
鋼筋價格指數,2018-09-28,509.23,509.23,509.23,509.23
鋼筋價格指數,2018-09-27,507.0,507.0,507.0,507.0
鋼筋價格指數,2018-09-26,510.0,510.0,510.0,510.0
鋼筋價格指數,2018-09-25,509.0,509.0,509.0,509.0
鋼筋價格指數,2018-09-24,508.0,508.0,508.0,508.0
鋼筋價格指數,2018-09-21,509.0,509.0,509.0,509.0
鋼筋價格指數,2018-09-20,514.0,514.0,514.0,514.0
鋼筋價格指數,2018-09-19,516.0,516.0,516.0,516.0
鋼筋價格指數,2018-09-18,519.0,519.0,519.0,519.0
鋼筋價格指數,2018-09-17,519.0,519.0,519.0,519.0
鋼筋價格指數,2018-09-14,519.0,519.0,519.0,519.0
鋼筋價格指數,2018-09-13,519.0,519.0,519.0,519.0
鋼筋價格指數,2018-09-12,519.0,519.0,519.0,519.0
鋼筋價格指數,2018-09-11,519.0,519.0,519.0,519.0
鋼筋價格指數,2018-09-10,519.0,519.0,519.0,519.0
鋼筋價格指數,2018-09-07,519.0,519.0,519.0,519.0
鋼筋價格指數,2018-09-06,524.0,524.0,524.0,524.0
鋼筋價格指數,2018-09-05,521.0,521.0,521.0,521.0
鋼筋價格指數,2018-09-04,521.0,521.0,521.0,521.0
鋼筋價格指數,2018-09-03,512.0,512.0,512.0,512.0
鋼筋價格指數,2018-08-31,520.95,520.95,520.95,520.95
鋼筋價格指數,2018-08-30,517.0,517.0,517.0,517.0
鋼筋價格指數,2018-08-29,517.0,517.0,517.0,517.0
鋼筋價格指數,2018-08-28,517.0,517.0,517.0,517.0
鋼筋價格指數,2018-08-24,517.0,517.0,517.0,517.0
鋼筋價格指數,2018-08-23,517.0,517.0,517.0,517.0
鋼筋價格指數,2018-08-22,517.0,517.0,517.0,517.0
鋼筋價格指數,2018-08-21,517.0,517.0,517.0,517.0
鋼筋價格指數,2018-08-20,517.0,517.0,517.0,517.0
鋼筋價格指數,2018-08-17,516.0,516.0,516.0,516.0
鋼筋價格指數,2018-08-16,520.0,520.0,520.0,520.0
鋼筋價格指數,2018-08-15,520.0,520.0,520.0,520.0
鋼筋價格指數,2018-08-14,520.0,520.0,520.0,520.0
鋼筋價格指數,2018-08-13,520.0,520.0,520.0,520.0
鋼筋價格指數,2018-08-10,520.0,520.0,520.0,520.0
鋼筋價格指數,2018-08-09,530.0,530.0,530.0,530.0
鋼筋價格指數,2018-08-08,530.0,530.0,530.0,530.0
鋼筋價格指數,2018-08-07,530.0,530.0,530.0,530.0
鋼筋價格指數,2018-08-06,539.0,539.0,539.0,539.0
鋼筋價格指數,2018-08-03,540.0,540.0,540.0,540.0
鋼筋價格指數,2018-08-02,533.5,533.5,533.5,533.5
鋼筋價格指數,2018-08-01,544.0,544.0,544.0,544.0
鋼筋價格指數,2018-07-31,542.48,542.48,542.48,542.48
鋼筋價格指數,2018-07-30,545.0,545.0,545.0,545.0
鋼筋價格指數,2018-07-27,540.0,540.0,540.0,540.0
鋼筋價格指數,2018-07-26,540.0,540.0,540.0,540.0
鋼筋價格指數,2018-07-25,540.0,540.0,540.0,540.0
鋼筋價格指數,2018-07-24,540.0,540.0,540.0,540.0
鋼筋價格指數,2018-07-23,540.0,540.0,540.0,540.0
鋼筋價格指數,2018-07-20,540.0,540.0,540.0,540.0
鋼筋價格指數,2018-07-19,540.0,540.0,540.0,540.0
鋼筋價格指數,2018-07-18,540.0,540.0,540.0,540.0
鋼筋價格指數,2018-07-17,540.0,540.0,540.0,540.0
鋼筋價格指數,2018-07-16,540.0,540.0,540.0,540.0
鋼筋價格指數,2018-07-13,540.0,540.0,540.0,540.0
鋼筋價格指數,2018-07-12,540.0,540.0,540.0,540.0
鋼筋價格指數,2018-07-11,547.0,547.0,547.0,547.0
鋼筋價格指數,2018-07-10,547.0,547.0,547.0,547.0
鋼筋價格指數,2018-07-09,558.0,558.0,558.0,558.0
鋼筋價格指數,2018-07-06,548.0,548.0,548.0,548.0
鋼筋價格指數,2018-07-05,548.0,548.0,548.0,548.0
鋼筋價格指數,2018-07-04,548.0,548.0,548.0,548.0
鋼筋價格指數,2018-07-03,548.0,548.0,548.0,548.0
鋼筋價格指數,2018-07-02,548.0,548.0,548.0,548.0
鋼筋價格指數,2018-06-29,548.17,548.17,548.17,548.17
鋼筋價格指數,2018-06-28,550.5,550.5,550.5,550.5
鋼筋價格指數,2018-06-27,550.5,550.5,550.5,550.5
鋼筋價格指數,2018-06-26,550.5,550.5,550.5,550.5
鋼筋價格指數,2018-06-25,550.5,550.5,550.5,550.5
鋼筋價格指數,2018-06-22,550.5,550.5,550.5,550.5
鋼筋價格指數,2018-06-21,546.5,546.5,546.5,546.5
鋼筋價格指數,2018-06-20,546.5,546.5,546.5,546.5
鋼筋價格指數,2018-06-19,544.0,544.0,544.0,544.0
鋼筋價格指數,2018-06-18,544.0,544.0,544.0,544.0
鋼筋價格指數,2018-06-15,544.0,544.0,544.0,544.0
鋼筋價格指數,2018-06-14,544.0,544.0,544.0,544.0
鋼筋價格指數,2018-06-13,550.0,550.0,550.0,550.0
鋼筋價格指數,2018-06-12,550.0,550.0,550.0,550.0
鋼筋價格指數,2018-06-11,550.0,550.0,550.0,550.0
鋼筋價格指數,2018-06-08,550.0,550.0,550.0,550.0
鋼筋價格指數,2018-06-07,546.0,546.0,546.0,546.0
鋼筋價格指數,2018-06-06,546.0,546.0,546.0,546.0
鋼筋價格指數,2018-06-05,546.0,546.0,546.0,546.0
鋼筋價格指數,2018-06-04,534.0,534.0,534.0,534.0
鋼筋價格指數,2018-06-01,534.0,534.0,534.0,534.0
鋼筋價格指數,2018-05-31,551.31,551.31,551.31,551.31
鋼筋價格指數,2018-05-30,555.0,555.0,555.0,555.0
鋼筋價格指數,2018-05-29,555.0,555.0,555.0,555.0
鋼筋價格指數,2018-05-25,555.0,555.0,555.0,555.0
鋼筋價格指數,2018-05-24,555.0,555.0,555.0,555.0
鋼筋價格指數,2018-05-23,555.0,555.0,555.0,555.0
鋼筋價格指數,2018-05-22,555.0,555.0,555.0,555.0
鋼筋價格指數,2018-05-21,555.0,555.0,555.0,555.0
鋼筋價格指數,2018-05-18,555.0,555.0,555.0,555.0
鋼筋價格指數,2018-05-17,566.0,566.0,566.0,566.0
鋼筋價格指數,2018-05-16,565.0,565.0,565.0,565.0
鋼筋價格指數,2018-05-15,565.5,565.5,565.5,565.5
鋼筋價格指數,2018-05-14,565.5,565.5,565.5,565.5
鋼筋價格指數,2018-05-11,558.0,558.0,558.0,558.0
鋼筋價格指數,2018-05-10,556.0,556.0,556.0,556.0
鋼筋價格指數,2018-05-09,556.0,556.0,556.0,556.0
鋼筋價格指數,2018-05-08,556.0,556.0,556.0,556.0
鋼筋價格指數,2018-05-04,556.0,556.0,556.0,556.0
鋼筋價格指數,2018-05-03,556.0,556.0,556.0,556.0
鋼筋價格指數,2018-05-02,556.0,556.0,556.0,556.0
鋼筋價格指數,2018-05-01,556.0,556.0,556.0,556.0
鋼筋價格指數,2018-04-30,555.28,555.28,555.28,555.28
鋼筋價格指數,2018-04-27,555.0,555.0,555.0,555.0
鋼筋價格指數,2018-04-26,555.0,555.0,555.0,555.0
鋼筋價格指數,2018-04-25,555.0,555.0,555.0,555.0
鋼筋價格指數,2018-04-24,555.0,555.0,555.0,555.0
鋼筋價格指數,2018-04-23,555.0,555.0,555.0,555.0
鋼筋價格指數,2018-04-20,555.0,555.0,555.0,555.0
鋼筋價格指數,2018-04-19,555.0,555.0,555.0,555.0
鋼筋價格指數,2018-04-18,555.0,555.0,555.0,555.0
鋼筋價格指數,2018-04-17,555.0,555.0,555.0,555.0
鋼筋價格指數,2018-04-16,555.0,555.0,555.0,555.0
鋼筋價格指數,2018-04-13,555.0,555.0,555.0,555.0
鋼筋價格指數,2018-04-12,555.0,555.0,555.0,555.0
鋼筋價格指數,2018-04-11,550.5,550.5,550.5,550.5
鋼筋價格指數,2018-04-10,550.5,550.5,550.5,550.5
鋼筋價格指數,2018-04-09,550.5,550.5,550.5,550.5
鋼筋價格指數,2018-04-06,541.0,541.0,541.0,541.0
鋼筋價格指數,2018-04-05,541.0,541.0,541.0,541.0
鋼筋價格指數,2018-04-04,548.0,548.0,548.0,548.0
鋼筋價格指數,2018-04-03,550.0,550.0,550.0,550.0
鋼筋價格指數,2018-03-29,584.17,584.17,584.17,584.17
鋼筋價格指數,2018-03-28,583.5,583.5,583.5,583.5
鋼筋價格指數,2018-03-27,582.5,582.5,582.5,582.5
鋼筋價格指數,2018-03-26,585.0,585.0,585.0,585.0
鋼筋價格指數,2018-03-23,587.0,587.0,587.0,587.0
鋼筋價格指數,2018-03-22,588.0,588.0,588.0,588.0
鋼筋價格指數,2018-03-21,593.0,593.0,593.0,593.0
鋼筋價格指數,2018-03-20,594.0,594.0,594.0,594.0
鋼筋價格指數,2018-03-19,594.0,594.0,594.0,594.0
鋼筋價格指數,2018-03-16,594.0,594.0,594.0,594.0
鋼筋價格指數,2018-03-15,594.0,594.0,594.0,594.0
鋼筋價格指數,2018-03-14,592.0,592.0,592.0,592.0
鋼筋價格指數,2018-03-13,592.0,592.0,592.0,592.0
鋼筋價格指數,2018-03-12,592.0,592.0,592.0,592.0
鋼筋價格指數,2018-03-09,592.0,592.0,592.0,592.0
鋼筋價格指數,2018-03-08,592.0,592.0,592.0,592.0
鋼筋價格指數,2018-03-07,601.0,601.0,601.0,601.0
鋼筋價格指數,2018-03-06,601.0,601.0,601.0,601.0
鋼筋價格指數,2018-03-05,600.0,600.0,600.0,600.0
鋼筋價格指數,2018-03-02,601.0,601.0,601.0,601.0
鋼筋價格指數,2018-03-01,600.0,600.0,600.0,600.0
鋼筋價格指數,2018-02-28,567.48,567.48,567.48,567.48
鋼筋價格指數,2018-02-27,568.0,568.0,568.0,568.0
鋼筋價格指數,2018-02-26,568.0,568.0,568.0,568.0
鋼筋價格指數,2018-02-23,568.0,568.0,568.0,568.0
鋼筋價格指數,2018-02-22,568.0,568.0,568.0,568.0
鋼筋價格指數,2018-02-21,570.0,570.0,570.0,570.0
鋼筋價格指數,2018-02-20,570.0,570.0,570.0,570.0
鋼筋價格指數,2018-02-19,570.0,570.0,570.0,570.0
鋼筋價格指數,2018-02-16,570.0,570.0,570.0,570.0
鋼筋價格指數,2018-02-15,571.5,571.5,571.5,571.5
鋼筋價格指數,2018-02-14,571.5,571.5,571.5,571.5
鋼筋價格指數,2018-02-13,571.5,571.5,571.5,571.5
鋼筋價格指數,2018-02-12,571.5,571.5,571.5,571.5
鋼筋價格指數,2018-02-09,571.0,571.0,571.0,571.0
鋼筋價格指數,2018-02-08,563.0,563.0,563.0,563.0
鋼筋價格指數,2018-02-07,563.0,563.0,563.0,563.0
鋼筋價格指數,2018-02-06,560.0,560.0,560.0,560.0
鋼筋價格指數,2018-02-05,560.0,560.0,560.0,560.0
鋼筋價格指數,2018-02-02,540.0,540.0,540.0,540.0
鋼筋價格指數,2018-02-01,540.0,540.0,540.0,540.0
鋼筋價格指數,2018-01-31,564.8,564.8,564.8,564.8
鋼筋價格指數,2018-01-30,564.0,564.0,564.0,564.0
鋼筋價格指數,2018-01-29,564.0,564.0,564.0,564.0
鋼筋價格指數,2018-01-26,564.0,564.0,564.0,564.0
鋼筋價格指數,2018-01-25,565.0,565.0,565.0,565.0
鋼筋價格指數,2018-01-24,564.0,564.0,564.0,564.0
鋼筋價格指數,2018-01-23,564.0,564.0,564.0,564.0
鋼筋價格指數,2018-01-22,564.0,564.0,564.0,564.0
鋼筋價格指數,2018-01-19,564.0,564.0,564.0,564.0
鋼筋價格指數,2018-01-18,564.0,564.0,564.0,564.0
鋼筋價格指數,2018-01-17,564.0,564.0,564.0,564.0
鋼筋價格指數,2018-01-16,564.0,564.0,564.0,564.0
鋼筋價格指數,2018-01-15,564.0,564.0,564.0,564.0
鋼筋價格指數,2018-01-12,573.5,573.5,573.5,573.5
鋼筋價格指數,2018-01-11,573.5,573.5,573.5,573.5
鋼筋價格指數,2018-01-10,573.5,573.5,573.5,573.5
鋼筋價格指數,2018-01-09,567.0,567.0,567.0,567.0
鋼筋價格指數,2018-01-08,564.0,564.0,564.0,564.0
鋼筋價格指數,2018-01-05,561.0,561.0,561.0,561.0
鋼筋價格指數,2018-01-04,561.0,561.0,561.0,561.0
鋼筋價格指數,2018-01-03,561.0,561.0,561.0,561.0
鋼筋價格指數,2018-01-02,559.0,559.0,559.0,559.0
鋼筋價格指數,2017-12-29,559.0,559.0,559.0,559.0
鋼筋價格指數,2017-12-28,559.0,559.0,559.0,559.0
鋼筋價格指數,2017-12-27,550.5,550.5,550.5,550.5
鋼筋價格指數,2017-12-22,550.5,550.5,550.5,550.5
鋼筋價格指數,2017-12-21,550.5,550.5,550.5,550.5
鋼筋價格指數,2017-12-20,550.5,550.5,550.5,550.5
鋼筋價格指數,2017-12-19,550.5,550.5,550.5,550.5
鋼筋價格指數,2017-12-18,550.5,550.5,550.5,550.5
鋼筋價格指數,2017-12-15,550.5,550.5,550.5,550.5
鋼筋價格指數,2017-12-14,549.0,549.0,549.0,549.0
鋼筋價格指數,2017-12-13,549.0,549.0,549.0,549.0
鋼筋價格指數,2017-12-12,549.0,549.0,549.0,549.0
鋼筋價格指數,2017-12-11,549.0,549.0,549.0,549.0
鋼筋價格指數,2017-12-08,555.0,555.0,555.0,555.0
鋼筋價格指數,2017-12-07,555.0,555.0,555.0,555.0
鋼筋價格指數,2017-12-06,555.0,555.0,555.0,555.0
鋼筋價格指數,2017-12-05,555.0,555.0,555.0,555.0
鋼筋價格指數,2017-12-04,555.0,555.0,555.0,555.0
鋼筋價格指數,2017-12-01,555.0,555.0,555.0,555.0
鋼筋價格指數,2017-11-30,555.0,555.0,555.0,555.0
鋼筋價格指數,2017-11-29,520.0,520.0,520.0,520.0
鋼筋價格指數,2017-11-28,520.0,520.0,520.0,520.0
鋼筋價格指數,2017-11-27,520.0,520.0,520.0,520.0
鋼筋價格指數,2017-11-24,521.0,521.0,521.0,521.0
鋼筋價格指數,2017-11-23,521.0,521.0,521.0,521.0
鋼筋價格指數,2017-11-22,521.0,521.0,521.0,521.0
鋼筋價格指數,2017-11-21,521.0,521.0,521.0,521.0
鋼筋價格指數,2017-11-20,517.0,517.0,517.0,517.0
鋼筋價格指數,2017-11-17,517.0,517.0,517.0,517.0
鋼筋價格指數,2017-11-16,517.0,517.0,517.0,517.0
鋼筋價格指數,2017-11-15,517.0,517.0,517.0,517.0
鋼筋價格指數,2017-11-14,517.0,517.0,517.0,517.0
鋼筋價格指數,2017-11-13,517.0,517.0,517.0,517.0
鋼筋價格指數,2017-11-10,517.0,517.0,517.0,517.0
鋼筋價格指數,2017-11-09,519.0,519.0,519.0,519.0
鋼筋價格指數,2017-11-08,522.0,522.0,522.0,522.0
鋼筋價格指數,2017-11-07,522.0,522.0,522.0,522.0
鋼筋價格指數,2017-11-06,522.0,522.0,522.0,522.0
鋼筋價格指數,2017-11-03,522.0,522.0,522.0,522.0
鋼筋價格指數,2017-11-02,526.0,526.0,526.0,526.0
鋼筋價格指數,2017-11-01,526.0,526.0,526.0,526.0
鋼筋價格指數,2017-10-31,526.0,526.0,526.0,526.0
鋼筋價格指數,2017-10-30,522.5,522.5,522.5,522.5
鋼筋價格指數,2017-10-27,522.5,522.5,522.5,522.5
鋼筋價格指數,2017-10-26,527.0,527.0,527.0,527.0
鋼筋價格指數,2017-10-25,516.0,516.0,516.0,516.0
鋼筋價格指數,2017-10-24,518.0,518.0,518.0,518.0
鋼筋價格指數,2017-10-23,518.0,518.0,518.0,518.0
鋼筋價格指數,2017-10-20,518.0,518.0,518.0,518.0
鋼筋價格指數,2017-10-19,518.0,518.0,518.0,518.0
鋼筋價格指數,2017-10-18,518.0,518.0,518.0,518.0
鋼筋價格指數,2017-10-17,520.0,520.0,520.0,520.0
鋼筋價格指數,2017-10-16,521.0,521.0,521.0,521.0
鋼筋價格指數,2017-10-13,523.0,523.0,523.0,523.0
鋼筋價格指數,2017-10-12,523.0,523.0,523.0,523.0
鋼筋價格指數,2017-10-11,516.0,516.0,516.0,516.0
鋼筋價格指數,2017-10-10,525.0,525.0,525.0,525.0
鋼筋價格指數,2017-10-09,516.0,516.0,516.0,516.0
鋼筋價格指數,2017-10-06,516.0,516.0,516.0,516.0
鋼筋價格指數,2017-10-05,516.0,516.0,516.0,516.0
鋼筋價格指數,2017-10-04,516.0,516.0,516.0,516.0
鋼筋價格指數,2017-10-03,525.0,525.0,525.0,525.0
鋼筋價格指數,2017-10-02,525.0,525.0,525.0,525.0
鋼筋價格指數,2017-09-29,530.0,530.0,530.0,530.0
鋼筋價格指數,2017-09-28,530.0,530.0,530.0,530.0
鋼筋價格指數,2017-09-27,545.0,545.0,545.0,545.0
鋼筋價格指數,2017-09-26,545.0,545.0,545.0,545.0
鋼筋價格指數,2017-09-25,547.0,547.0,547.0,547.0
鋼筋價格指數,2017-09-22,547.0,547.0,547.0,547.0
鋼筋價格指數,2017-09-21,550.0,550.0,550.0,550.0
鋼筋價格指數,2017-09-20,550.0,550.0,550.0,550.0
鋼筋價格指數,2017-09-19,551.0,551.0,551.0,551.0
鋼筋價格指數,2017-09-18,553.0,553.0,553.0,553.0
鋼筋價格指數,2017-09-15,558.0,558.0,558.0,558.0
鋼筋價格指數,2017-09-14,560.0,560.0,560.0,560.0
鋼筋價格指數,2017-09-13,560.0,560.0,560.0,560.0
鋼筋價格指數,2017-09-12,560.0,560.0,560.0,560.0
鋼筋價格指數,2017-09-11,561.0,561.0,561.0,561.0
鋼筋價格指數,2017-09-08,563.0,563.0,563.0,563.0
鋼筋價格指數,2017-09-07,565.0,565.0,565.0,565.0
鋼筋價格指數,2017-09-06,554.0,554.0,554.0,554.0
鋼筋價格指數,2017-09-05,556.0,556.0,556.0,556.0
鋼筋價格指數,2017-09-04,552.0,552.0,552.0,552.0
鋼筋價格指數,2017-09-01,546.0,546.0,546.0,546.0
鋼筋價格指數,2017-08-31,542.0,542.0,542.0,542.0
鋼筋價格指數,2017-08-30,521.0,521.0,521.0,521.0
鋼筋價格指數,2017-08-29,521.0,521.0,521.0,521.0
鋼筋價格指數,2017-08-25,521.0,521.0,521.0,521.0
鋼筋價格指數,2017-08-24,521.0,521.0,521.0,521.0
鋼筋價格指數,2017-08-23,521.0,521.0,521.0,521.0
鋼筋價格指數,2017-08-22,521.0,521.0,521.0,521.0
鋼筋價格指數,2017-08-21,520.0,520.0,520.0,520.0
鋼筋價格指數,2017-08-18,520.0,520.0,520.0,520.0
鋼筋價格指數,2017-08-17,520.0,520.0,520.0,520.0
鋼筋價格指數,2017-08-16,520.0,520.0,520.0,520.0
鋼筋價格指數,2017-08-15,522.0,522.0,522.0,522.0
鋼筋價格指數,2017-08-14,522.0,522.0,522.0,522.0
鋼筋價格指數,2017-08-11,522.0,522.0,522.0,522.0
鋼筋價格指數,2017-08-10,525.0,525.0,525.0,525.0
鋼筋價格指數,2017-08-09,522.0,522.0,522.0,522.0
鋼筋價格指數,2017-08-08,522.0,522.0,522.0,522.0
鋼筋價格指數,2017-08-07,529.0,529.0,529.0,529.0
鋼筋價格指數,2017-08-04,522.0,522.0,522.0,522.0
鋼筋價格指數,2017-08-03,518.0,518.0,518.0,518.0
鋼筋價格指數,2017-08-02,519.0,519.0,519.0,519.0
鋼筋價格指數,2017-08-01,511.0,511.0,511.0,511.0
鋼筋價格指數,2017-07-31,504.0,504.0,504.0,504.0
鋼筋價格指數,2017-07-28,500.0,500.0,500.0,500.0
鋼筋價格指數,2017-07-27,498.5,498.5,498.5,498.5
鋼筋價格指數,2017-07-26,458.0,458.0,458.0,458.0
鋼筋價格指數,2017-07-25,458.0,458.0,458.0,458.0
鋼筋價格指數,2017-07-24,458.0,458.0,458.0,458.0
鋼筋價格指數,2017-07-21,458.0,458.0,458.0,458.0
鋼筋價格指數,2017-07-20,458.0,458.0,458.0,458.0
鋼筋價格指數,2017-07-19,458.0,458.0,458.0,458.0
鋼筋價格指數,2017-07-18,458.0,458.0,458.0,458.0
鋼筋價格指數,2017-07-17,458.0,458.0,458.0,458.0
鋼筋價格指數,2017-07-14,458.0,458.0,458.0,458.0
鋼筋價格指數,2017-07-13,458.0,458.0,458.0,458.0
鋼筋價格指數,2017-07-12,458.0,458.0,458.0,458.0
鋼筋價格指數,2017-07-11,462.0,462.0,462.0,462.0
鋼筋價格指數,2017-07-10,460.0,460.0,460.0,460.0
鋼筋價格指數,2017-07-07,456.0,456.0,456.0,456.0
鋼筋價格指數,2017-07-06,452.0,452.0,452.0,452.0
鋼筋價格指數,2017-07-05,452.0,452.0,452.0,452.0
鋼筋價格指數,2017-07-04,449.0,449.0,449.0,449.0
鋼筋價格指數,2017-07-03,452.0,452.0,452.0,452.0
鋼筋價格指數,2017-06-30,427.07,427.07,427.07,427.07
鋼筋價格指數,2017-06-29,429.0,429.0,429.0,429.0
鋼筋價格指數,2017-06-28,429.0,429.0,429.0,429.0
鋼筋價格指數,2017-06-27,430.0,430.0,430.0,430.0
鋼筋價格指數,2017-06-26,432.0,432.0,432.0,432.0
鋼筋價格指數,2017-06-23,432.0,432.0,432.0,432.0
鋼筋價格指數,2017-06-22,432.0,432.0,432.0,432.0
鋼筋價格指數,2017-06-21,432.0,432.0,432.0,432.0
鋼筋價格指數,2017-06-20,433.0,433.0,433.0,433.0
鋼筋價格指數,2017-06-19,434.0,434.0,434.0,434.0
鋼筋價格指數,2017-06-16,434.0,434.0,434.0,434.0
鋼筋價格指數,2017-06-15,440.0,440.0,440.0,440.0
鋼筋價格指數,2017-06-14,433.0,433.0,433.0,433.0
鋼筋價格指數,2017-06-13,433.0,433.0,433.0,433.0
鋼筋價格指數,2017-06-12,436.0,436.0,436.0,436.0
鋼筋價格指數,2017-06-09,438.0,438.0,438.0,438.0
鋼筋價格指數,2017-06-08,436.0,436.0,436.0,436.0
鋼筋價格指數,2017-06-07,433.0,433.0,433.0,433.0
鋼筋價格指數,2017-06-06,433.0,433.0,433.0,433.0
鋼筋價格指數,2017-06-05,435.0,435.0,435.0,435.0
鋼筋價格指數,2017-06-02,440.0,440.0,440.0,440.0
鋼筋價格指數,2017-06-01,448.0,448.0,448.0,448.0
鋼筋價格指數,2017-05-31,430.33,430.33,430.33,430.33
鋼筋價格指數,2017-05-30,433.0,433.0,433.0,433.0
鋼筋價格指數,2017-05-26,433.0,433.0,433.0,433.0
鋼筋價格指數,2017-05-25,433.0,433.0,433.0,433.0
鋼筋價格指數,2017-05-24,433.0,433.0,433.0,433.0
鋼筋價格指數,2017-05-23,433.0,433.0,433.0,433.0
鋼筋價格指數,2017-05-22,435.0,435.0,435.0,435.0
鋼筋價格指數,2017-05-19,435.0,435.0,435.0,435.0
鋼筋價格指數,2017-05-18,433.0,433.0,433.0,433.0
鋼筋價格指數,2017-05-17,433.0,433.0,433.0,433.0
鋼筋價格指數,2017-05-16,433.0,433.0,433.0,433.0
鋼筋價格指數,2017-05-15,432.0,432.0,432.0,432.0
鋼筋價格指數,2017-05-12,432.0,432.0,432.0,432.0
鋼筋價格指數,2017-05-11,435.0,435.0,435.0,435.0
鋼筋價格指數,2017-05-10,435.0,435.0,435.0,435.0
鋼筋價格指數,2017-05-09,438.0,438.0,438.0,438.0
鋼筋價格指數,2017-05-08,433.0,433.0,433.0,433.0
鋼筋價格指數,2017-05-05,427.0,427.0,427.0,427.0
鋼筋價格指數,2017-05-04,425.0,425.0,425.0,425.0
鋼筋價格指數,2017-05-03,435.0,435.0,435.0,435.0
鋼筋價格指數,2017-05-02,435.0,435.0,435.0,435.0
鋼筋價格指數,2017-04-28,423.81,423.81,423.81,423.81
鋼筋價格指數,2017-04-27,425.0,425.0,425.0,425.0
鋼筋價格指數,2017-04-26,425.0,425.0,425.0,425.0
鋼筋價格指數,2017-04-25,425.0,425.0,425.0,425.0
鋼筋價格指數,2017-04-24,425.0,425.0,425.0,425.0
鋼筋價格指數,2017-04-21,425.0,425.0,425.0,425.0
鋼筋價格指數,2017-04-20,425.0,425.0,425.0,425.0
鋼筋價格指數,2017-04-19,425.0,425.0,425.0,425.0
鋼筋價格指數,2017-04-18,425.0,425.0,425.0,425.0
鋼筋價格指數,2017-04-13,425.0,425.0,425.0,425.0
鋼筋價格指數,2017-04-12,425.0,425.0,425.0,425.0
鋼筋價格指數,2017-04-11,425.0,425.0,425.0,425.0
鋼筋價格指數,2017-04-10,432.0,432.0,432.0,432.0
鋼筋價格指數,2017-04-07,432.0,432.0,432.0,432.0
鋼筋價格指數,2017-04-06,440.0,440.0,440.0,440.0
鋼筋價格指數,2017-04-05,440.5,440.5,440.5,440.5
鋼筋價格指數,2017-04-04,444.0,444.0,444.0,444.0
鋼筋價格指數,2017-04-03,436.0,436.0,436.0,436.0
鋼筋價格指數,2017-03-31,436.3,436.3,436.3,436.3
鋼筋價格指數,2017-03-30,440.0,440.0,440.0,440.0
鋼筋價格指數,2017-03-29,440.0,440.0,440.0,440.0
鋼筋價格指數,2017-03-28,441.0,441.0,441.0,441.0
鋼筋價格指數,2017-03-27,441.0,441.0,441.0,441.0
鋼筋價格指數,2017-03-24,442.0,442.0,442.0,442.0
鋼筋價格指數,2017-03-23,442.0,442.0,442.0,442.0
鋼筋價格指數,2017-03-22,442.0,442.0,442.0,442.0
鋼筋價格指數,2017-03-21,444.0,444.0,444.0,444.0
鋼筋價格指數,2017-03-20,448.0,448.0,448.0,448.0
鋼筋價格指數,2017-03-17,450.0,450.0,450.0,450.0
鋼筋價格指數,2017-03-16,448.0,448.0,448.0,448.0
鋼筋價格指數,2017-03-15,448.0,448.0,448.0,448.0
鋼筋價格指數,2017-03-14,448.0,448.0,448.0,448.0
鋼筋價格指數,2017-03-13,447.5,447.5,447.5,447.5
鋼筋價格指數,2017-03-10,453.5,453.5,453.5,453.5
鋼筋價格指數,2017-03-09,453.5,453.5,453.5,453.5
鋼筋價格指數,2017-03-08,451.0,451.0,451.0,451.0
鋼筋價格指數,2017-03-07,451.0,451.0,451.0,451.0
鋼筋價格指數,2017-03-06,449.0,449.0,449.0,449.0
鋼筋價格指數,2017-03-03,450.0,450.0,450.0,450.0
鋼筋價格指數,2017-03-02,446.0,446.0,446.0,446.0
鋼筋價格指數,2017-03-01,450.5,450.5,450.5,450.5
鋼筋價格指數,2017-02-28,413.5,413.5,413.5,413.5
鋼筋價格指數,2017-02-27,411.0,411.0,411.0,411.0
鋼筋價格指數,2017-02-24,417.5,417.5,417.5,417.5
鋼筋價格指數,2017-02-23,417.5,417.5,417.5,417.5
鋼筋價格指數,2017-02-22,417.5,417.5,417.5,417.5
鋼筋價格指數,2017-02-21,417.5,417.5,417.5,417.5
鋼筋價格指數,2017-02-20,418.0,418.0,418.0,418.0
鋼筋價格指數,2017-02-17,418.0,418.0,418.0,418.0
鋼筋價格指數,2017-02-16,418.0,418.0,418.0,418.0
鋼筋價格指數,2017-02-15,418.0,418.0,418.0,418.0
鋼筋價格指數,2017-02-14,418.0,418.0,418.0,418.0
鋼筋價格指數,2017-02-13,415.0,415.0,415.0,415.0
鋼筋價格指數,2017-02-10,404.0,404.0,404.0,404.0
鋼筋價格指數,2017-02-09,404.0,404.0,404.0,404.0
鋼筋價格指數,2017-02-08,402.0,402.0,402.0,402.0
鋼筋價格指數,2017-02-07,402.0,402.0,402.0,402.0
鋼筋價格指數,2017-02-06,401.0,401.0,401.0,401.0
鋼筋價格指數,2017-02-03,401.0,401.0,401.0,401.0
鋼筋價格指數,2017-02-02,402.0,402.0,402.0,402.0
鋼筋價格指數,2017-02-01,407.5,407.5,407.5,407.5
鋼筋價格指數,2017-01-31,419.45,419.45,419.45,419.45
鋼筋價格指數,2017-01-30,423.0,423.0,423.0,423.0
鋼筋價格指數,2017-01-27,420.0,420.0,420.0,420.0
鋼筋價格指數,2017-01-26,420.0,420.0,420.0,420.0
鋼筋價格指數,2017-01-25,420.0,420.0,420.0,420.0
鋼筋價格指數,2017-01-24,420.0,420.0,420.0,420.0
鋼筋價格指數,2017-01-23,421.0,421.0,421.0,421.0
鋼筋價格指數,2017-01-20,425.0,425.0,425.0,425.0
鋼筋價格指數,2017-01-19,430.0,430.0,430.0,430.0
鋼筋價格指數,2017-01-18,430.0,430.0,430.0,430.0
鋼筋價格指數,2017-01-17,431.0,431.0,431.0,431.0
鋼筋價格指數,2017-01-16,433.5,433.5,433.5,433.5
鋼筋價格指數,2017-01-13,432.0,432.0,432.0,432.0
鋼筋價格指數,2017-01-12,435.0,435.0,435.0,435.0
鋼筋價格指數,2017-01-11,436.0,436.0,436.0,436.0
鋼筋價格指數,2017-01-10,435.0,435.0,435.0,435.0
鋼筋價格指數,2017-01-09,435.0,435.0,435.0,435.0
鋼筋價格指數,2017-01-06,435.0,435.0,435.0,435.0
鋼筋價格指數,2017-01-05,435.5,435.5,435.5,435.5
鋼筋價格指數,2017-01-04,442.0,442.0,442.0,442.0
鋼筋價格指數,2017-01-03,442.0,442.0,442.0,442.0
鋼筋價格指數,2016-12-30,428.25,428.25,428.25,428.25
鋼筋價格指數,2016-12-29,435.0,435.0,435.0,435.0
鋼筋價格指數,2016-12-28,435.0,435.0,435.0,435.0
鋼筋價格指數,2016-12-23,435.0,435.0,435.0,435.0
鋼筋價格指數,2016-12-22,436.0,436.0,436.0,436.0
鋼筋價格指數,2016-12-21,439.0,439.0,439.0,439.0
鋼筋價格指數,2016-12-20,440.0,440.0,440.0,440.0
鋼筋價格指數,2016-12-19,440.0,440.0,440.0,440.0
鋼筋價格指數,2016-12-16,440.0,440.0,440.0,440.0
鋼筋價格指數,2016-12-15,430.0,430.0,430.0,430.0
鋼筋價格指數,2016-12-14,420.0,420.0,420.0,420.0
鋼筋價格指數,2016-12-13,420.0,420.0,420.0,420.0
鋼筋價格指數,2016-12-12,430.0,430.0,430.0,430.0
鋼筋價格指數,2016-12-09,430.0,430.0,430.0,430.0
鋼筋價格指數,2016-12-08,438.0,438.0,438.0,438.0
鋼筋價格指數,2016-12-07,436.0,436.0,436.0,436.0
鋼筋價格指數,2016-12-06,438.0,438.0,438.0,438.0
鋼筋價格指數,2016-12-05,437.0,437.0,437.0,437.0
鋼筋價格指數,2016-12-02,437.0,437.0,437.0,437.0
鋼筋價格指數,2016-12-01,438.0,438.0,438.0,438.0
鋼筋價格指數,2016-11-30,424.32,424.32,424.32,424.32
鋼筋價格指數,2016-11-29,425.0,425.0,425.0,425.0
鋼筋價格指數,2016-11-28,425.0,425.0,425.0,425.0
鋼筋價格指數,2016-11-25,425.0,425.0,425.0,425.0
鋼筋價格指數,2016-11-24,425.0,425.0,425.0,425.0
鋼筋價格指數,2016-11-23,425.0,425.0,425.0,425.0
鋼筋價格指數,2016-11-22,425.0,425.0,425.0,425.0
鋼筋價格指數,2016-11-21,422.0,422.0,422.0,422.0
鋼筋價格指數,2016-11-18,422.0,422.0,422.0,422.0
鋼筋價格指數,2016-11-17,421.0,421.0,421.0,421.0
鋼筋價格指數,2016-11-16,421.0,421.0,421.0,421.0
鋼筋價格指數,2016-11-15,421.0,421.0,421.0,421.0
鋼筋價格指數,2016-11-14,416.0,416.0,416.0,416.0
鋼筋價格指數,2016-11-11,415.0,415.0,415.0,415.0
鋼筋價格指數,2016-11-10,415.0,415.0,415.0,415.0
鋼筋價格指數,2016-11-09,415.0,415.0,415.0,415.0
鋼筋價格指數,2016-11-08,415.0,415.0,415.0,415.0
鋼筋價格指數,2016-11-07,415.0,415.0,415.0,415.0
鋼筋價格指數,2016-11-04,409.0,409.0,409.0,409.0
鋼筋價格指數,2016-11-03,410.0,410.0,410.0,410.0
鋼筋價格指數,2016-11-02,405.0,405.0,405.0,405.0
鋼筋價格指數,2016-11-01,403.0,403.0,403.0,403.0
鋼筋價格指數,2016-10-31,375.6,375.6,375.6,375.6
鋼筋價格指數,2016-10-28,372.0,372.0,372.0,372.0
鋼筋價格指數,2016-10-27,372.0,372.0,372.0,372.0
鋼筋價格指數,2016-10-26,372.0,372.0,372.0,372.0
鋼筋價格指數,2016-10-25,372.0,372.0,372.0,372.0
鋼筋價格指數,2016-10-24,372.0,372.0,372.0,372.0
鋼筋價格指數,2016-10-21,372.0,372.0,372.0,372.0
鋼筋價格指數,2016-10-20,371.0,371.0,371.0,371.0
鋼筋價格指數,2016-10-19,370.0,370.0,370.0,370.0
鋼筋價格指數,2016-10-18,369.0,369.0,369.0,369.0
鋼筋價格指數,2016-10-17,369.0,369.0,369.0,369.0
鋼筋價格指數,2016-10-14,369.0,369.0,369.0,369.0
鋼筋價格指數,2016-10-13,369.0,369.0,369.0,369.0
鋼筋價格指數,2016-10-12,369.0,369.0,369.0,369.0
鋼筋價格指數,2016-10-11,369.0,369.0,369.0,369.0
鋼筋價格指數,2016-10-10,369.0,369.0,369.0,369.0
鋼筋價格指數,2016-10-07,369.0,369.0,369.0,369.0
鋼筋價格指數,2016-10-06,369.0,369.0,369.0,369.0
鋼筋價格指數,2016-10-05,369.0,369.0,369.0,369.0
鋼筋價格指數,2016-10-04,369.0,369.0,369.0,369.0
鋼筋價格指數,2016-10-03,369.0,369.0,369.0,369.0
鋼筋價格指數,2016-09-29,370.0,370.0,370.0,370.0
鋼筋價格指數,2016-09-28,371.0,371.0,371.0,371.0
鋼筋價格指數,2016-09-27,372.0,372.0,372.0,372.0
鋼筋價格指數,2016-09-26,370.0,370.0,370.0,370.0
鋼筋價格指數,2016-09-23,370.0,370.0,370.0,370.0
鋼筋價格指數,2016-09-22,370.0,370.0,370.0,370.0
鋼筋價格指數,2016-09-21,370.0,370.0,370.0,370.0
鋼筋價格指數,2016-09-20,372.0,372.0,372.0,372.0
鋼筋價格指數,2016-09-19,372.0,372.0,372.0,372.0
鋼筋價格指數,2016-09-16,372.0,372.0,372.0,372.0
鋼筋價格指數,2016-09-15,375.0,375.0,375.0,375.0
鋼筋價格指數,2016-09-14,375.0,375.0,375.0,375.0
鋼筋價格指數,2016-09-13,380.0,380.0,380.0,380.0
鋼筋價格指數,2016-09-12,380.0,380.0,380.0,380.0
鋼筋價格指數,2016-09-09,380.0,380.0,380.0,380.0
鋼筋價格指數,2016-09-08,380.0,380.0,380.0,380.0
鋼筋價格指數,2016-09-07,382.0,382.0,382.0,382.0
鋼筋價格指數,2016-09-06,382.0,382.0,382.0,382.0
鋼筋價格指數,2016-09-05,382.0,382.0,382.0,382.0
鋼筋價格指數,2016-09-02,382.0,382.0,382.0,382.0
鋼筋價格指數,2016-09-01,382.0,382.0,382.0,382.0
鋼筋價格指數,2016-08-31,381.68,381.68,381.68,381.68
鋼筋價格指數,2016-08-30,384.0,384.0,384.0,384.0
鋼筋價格指數,2016-08-26,384.0,384.0,384.0,384.0
鋼筋價格指數,2016-08-25,384.0,384.0,384.0,384.0
鋼筋價格指數,2016-08-24,384.0,384.0,384.0,384.0
鋼筋價格指數,2016-08-23,384.0,384.0,384.0,384.0
鋼筋價格指數,2016-08-22,384.0,384.0,384.0,384.0
鋼筋價格指數,2016-08-19,384.0,384.0,384.0,384.0
鋼筋價格指數,2016-08-18,385.0,385.0,385.0,385.0
鋼筋價格指數,2016-08-17,385.0,385.0,385.0,385.0
鋼筋價格指數,2016-08-16,385.0,385.0,385.0,385.0
鋼筋價格指數,2016-08-15,387.0,387.0,387.0,387.0
鋼筋價格指數,2016-08-12,387.0,387.0,387.0,387.0
鋼筋價格指數,2016-08-11,387.0,387.0,387.0,387.0
鋼筋價格指數,2016-08-10,387.0,387.0,387.0,387.0
鋼筋價格指數,2016-08-09,387.0,387.0,387.0,387.0
鋼筋價格指數,2016-08-08,394.0,394.0,394.0,394.0
鋼筋價格指數,2016-08-05,398.0,398.0,398.0,398.0
鋼筋價格指數,2016-08-04,398.0,398.0,398.0,398.0
鋼筋價格指數,2016-08-03,405.0,405.0,405.0,405.0
鋼筋價格指數,2016-08-02,388.0,388.0,388.0,388.0
鋼筋價格指數,2016-08-01,388.0,388.0,388.0,388.0
鋼筋價格指數,2016-07-29,379.69,379.69,379.69,379.69
鋼筋價格指數,2016-07-28,381.0,381.0,381.0,381.0
鋼筋價格指數,2016-07-27,381.0,381.0,381.0,381.0
鋼筋價格指數,2016-07-26,381.0,381.0,381.0,381.0
鋼筋價格指數,2016-07-25,381.0,381.0,381.0,381.0
鋼筋價格指數,2016-07-22,381.0,381.0,381.0,381.0
鋼筋價格指數,2016-07-21,381.0,381.0,381.0,381.0
鋼筋價格指數,2016-07-20,381.0,381.0,381.0,381.0
鋼筋價格指數,2016-07-19,381.0,381.0,381.0,381.0
鋼筋價格指數,2016-07-18,381.0,381.0,381.0,381.0
鋼筋價格指數,2016-07-15,381.0,381.0,381.0,381.0
鋼筋價格指數,2016-07-14,381.0,381.0,381.0,381.0
鋼筋價格指數,2016-07-13,381.0,381.0,381.0,381.0
鋼筋價格指數,2016-07-12,381.0,381.0,381.0,381.0
鋼筋價格指數,2016-07-11,378.0,378.0,378.0,378.0
鋼筋價格指數,2016-07-08,385.0,385.0,385.0,385.0
鋼筋價格指數,2016-07-07,389.0,389.0,389.0,389.0
鋼筋價格指數,2016-07-06,389.0,389.0,389.0,389.0
鋼筋價格指數,2016-07-05,390.0,390.0,390.0,390.0
鋼筋價格指數,2016-07-04,390.0,390.0,390.0,390.0
鋼筋價格指數,2016-07-01,391.0,391.0,391.0,391.0
鋼筋價格指數,2016-06-30,398.59,398.59,398.59,398.59
鋼筋價格指數,2016-06-29,401.0,401.0,401.0,401.0
鋼筋價格指數,2016-06-28,401.0,401.0,401.0,401.0
鋼筋價格指數,2016-06-27,401.0,401.0,401.0,401.0
鋼筋價格指數,2016-06-24,402.0,402.0,402.0,402.0
鋼筋價格指數,2016-06-23,403.0,403.0,403.0,403.0
鋼筋價格指數,2016-06-22,403.0,403.0,403.0,403.0
鋼筋價格指數,2016-06-21,403.0,403.0,403.0,403.0
鋼筋價格指數,2016-06-20,403.0,403.0,403.0,403.0
鋼筋價格指數,2016-06-17,403.0,403.0,403.0,403.0
鋼筋價格指數,2016-06-16,403.0,403.0,403.0,403.0
鋼筋價格指數,2016-06-15,403.0,403.0,403.0,403.0
鋼筋價格指數,2016-06-14,403.0,403.0,403.0,403.0
鋼筋價格指數,2016-06-13,403.0,403.0,403.0,403.0
鋼筋價格指數,2016-06-10,403.0,403.0,403.0,403.0
鋼筋價格指數,2016-06-09,405.0,405.0,405.0,405.0
鋼筋價格指數,2016-06-08,405.0,405.0,405.0,405.0
鋼筋價格指數,2016-06-07,405.0,405.0,405.0,405.0
鋼筋價格指數,2016-06-06,410.0,410.0,410.0,410.0
鋼筋價格指數,2016-06-03,413.0,413.0,413.0,413.0
鋼筋價格指數,2016-06-02,418.0,418.0,418.0,418.0
鋼筋價格指數,2016-06-01,422.0,422.0,422.0,422.0
鋼筋價格指數,2016-05-31,475.57,475.57,475.57,475.57
鋼筋價格指數,2016-05-27,475.0,475.0,475.0,475.0
鋼筋價格指數,2016-05-26,475.0,475.0,475.0,475.0
鋼筋價格指數,2016-05-25,473.0,473.0,473.0,473.0
鋼筋價格指數,2016-05-24,475.0,475.0,475.0,475.0
鋼筋價格指數,2016-05-23,475.0,475.0,475.0,475.0
鋼筋價格指數,2016-05-20,475.0,475.0,475.0,475.0
鋼筋價格指數,2016-05-19,480.0,480.0,480.0,480.0
鋼筋價格指數,2016-05-18,480.0,480.0,480.0,480.0
鋼筋價格指數,2016-05-17,480.0,480.0,480.0,480.0
鋼筋價格指數,2016-05-16,490.0,490.0,490.0,490.0
鋼筋價格指數,2016-05-13,502.0,502.0,502.0,502.0
鋼筋價格指數,2016-05-12,502.0,502.0,502.0,502.0
鋼筋價格指數,2016-05-11,502.0,502.0,502.0,502.0
鋼筋價格指數,2016-05-10,502.0,502.0,502.0,502.0
鋼筋價格指數,2016-05-09,500.0,500.0,500.0,500.0
鋼筋價格指數,2016-05-06,502.0,502.0,502.0,502.0
鋼筋價格指數,2016-05-05,503.0,503.0,503.0,503.0
鋼筋價格指數,2016-05-04,503.0,503.0,503.0,503.0
鋼筋價格指數,2016-05-03,508.0,508.0,508.0,508.0
鋼筋價格指數,2016-04-29,454.0,454.0,454.0,454.0
鋼筋價格指數,2016-04-28,456.0,456.0,456.0,456.0
鋼筋價格指數,2016-04-27,457.0,457.0,457.0,457.0
鋼筋價格指數,2016-04-26,457.0,457.0,457.0,457.0
鋼筋價格指數,2016-04-25,454.0,454.0,454.0,454.0
鋼筋價格指數,2016-04-22,454.0,454.0,454.0,454.0
鋼筋價格指數,2016-04-21,454.0,454.0,454.0,454.0
鋼筋價格指數,2016-04-20,454.0,454.0,454.0,454.0
鋼筋價格指數,2016-04-19,450.0,450.0,450.0,450.0
鋼筋價格指數,2016-04-18,447.0,447.0,447.0,447.0
鋼筋價格指數,2016-04-15,447.0,447.0,447.0,447.0
鋼筋價格指數,2016-04-14,447.0,447.0,447.0,447.0
鋼筋價格指數,2016-04-13,435.0,435.0,435.0,435.0
鋼筋價格指數,2016-04-12,423.0,423.0,423.0,423.0
鋼筋價格指數,2016-04-11,423.0,423.0,423.0,423.0
鋼筋價格指數,2016-04-08,423.0,423.0,423.0,423.0
鋼筋價格指數,2016-04-07,411.0,411.0,411.0,411.0
鋼筋價格指數,2016-04-06,411.0,411.0,411.0,411.0
鋼筋價格指數,2016-04-05,400.0,400.0,400.0,400.0
鋼筋價格指數,2016-04-04,400.0,400.0,400.0,400.0
鋼筋價格指數,2016-04-01,387.5,387.5,387.5,387.5
鋼筋價格指數,2016-03-31,363.0,363.0,363.0,363.0
鋼筋價格指數,2016-03-30,358.0,358.0,358.0,358.0
鋼筋價格指數,2016-03-29,358.0,358.0,358.0,358.0
鋼筋價格指數,2016-03-24,358.0,358.0,358.0,358.0
鋼筋價格指數,2016-03-23,356.0,356.0,356.0,356.0
鋼筋價格指數,2016-03-22,355.0,355.0,355.0,355.0
鋼筋價格指數,2016-03-21,355.0,355.0,355.0,355.0
鋼筋價格指數,2016-03-18,355.0,355.0,355.0,355.0
鋼筋價格指數,2016-03-17,355.0,355.0,355.0,355.0
鋼筋價格指數,2016-03-16,353.0,353.0,353.0,353.0
鋼筋價格指數,2016-03-15,353.0,353.0,353.0,353.0
鋼筋價格指數,2016-03-14,353.0,353.0,353.0,353.0
鋼筋價格指數,2016-03-11,348.0,348.0,348.0,348.0
鋼筋價格指數,2016-03-10,348.0,348.0,348.0,348.0
鋼筋價格指數,2016-03-09,345.5,345.5,345.5,345.5
鋼筋價格指數,2016-03-08,338.0,338.0,338.0,338.0
鋼筋價格指數,2016-03-07,332.0,332.0,332.0,332.0
鋼筋價格指數,2016-03-04,325.5,325.5,325.5,325.5
鋼筋價格指數,2016-03-03,325.5,325.5,325.5,325.5
鋼筋價格指數,2016-03-02,323.5,323.5,323.5,323.5
鋼筋價格指數,2016-03-01,323.5,323.5,323.5,323.5
鋼筋價格指數,2016-02-29,318.81,318.81,318.81,318.81
鋼筋價格指數,2016-02-26,319.5,319.5,319.5,319.5
鋼筋價格指數,2016-02-25,319.5,319.5,319.5,319.5
鋼筋價格指數,2016-02-24,319.5,319.5,319.5,319.5
鋼筋價格指數,2016-02-23,320.5,320.5,320.5,320.5
鋼筋價格指數,2016-02-22,320.5,320.5,320.5,320.5
鋼筋價格指數,2016-02-19,320.5,320.5,320.5,320.5
鋼筋價格指數,2016-02-18,320.5,320.5,320.5,320.5
鋼筋價格指數,2016-02-17,320.5,320.5,320.5,320.5
鋼筋價格指數,2016-02-16,321.0,321.0,321.0,321.0
鋼筋價格指數,2016-02-15,322.0,322.0,322.0,322.0
鋼筋價格指數,2016-02-12,322.0,322.0,322.0,322.0
鋼筋價格指數,2016-02-11,322.0,322.0,322.0,322.0
鋼筋價格指數,2016-02-10,322.0,322.0,322.0,322.0
鋼筋價格指數,2016-02-09,323.0,323.0,323.0,323.0
鋼筋價格指數,2016-02-08,323.0,323.0,323.0,323.0
鋼筋價格指數,2016-02-05,323.0,323.0,323.0,323.0
鋼筋價格指數,2016-02-04,323.0,323.0,323.0,323.0
鋼筋價格指數,2016-02-03,323.0,323.0,323.0,323.0
鋼筋價格指數,2016-02-02,323.0,323.0,323.0,323.0
鋼筋價格指數,2016-02-01,323.0,323.0,323.0,323.0
鋼筋價格指數,2016-01-29,323.18,323.18,323.18,323.18
鋼筋價格指數,2016-01-28,325.0,325.0,325.0,325.0
鋼筋價格指數,2016-01-27,325.0,325.0,325.0,325.0
鋼筋價格指數,2016-01-26,325.0,325.0,325.0,325.0
鋼筋價格指數,2016-01-25,325.0,325.0,325.0,325.0
鋼筋價格指數,2016-01-22,326.5,326.5,326.5,326.5
鋼筋價格指數,2016-01-21,327.0,327.0,327.0,327.0
鋼筋價格指數,2016-01-20,327.0,327.0,327.0,327.0
鋼筋價格指數,2016-01-19,327.0,327.0,327.0,327.0
鋼筋價格指數,2016-01-18,327.0,327.0,327.0,327.0
鋼筋價格指數,2016-01-15,327.0,327.0,327.0,327.0
鋼筋價格指數,2016-01-14,327.0,327.0,327.0,327.0
鋼筋價格指數,2016-01-13,327.0,327.0,327.0,327.0
鋼筋價格指數,2016-01-12,327.0,327.0,327.0,327.0
鋼筋價格指數,2016-01-11,327.0,327.0,327.0,327.0
鋼筋價格指數,2016-01-08,327.0,327.0,327.0,327.0
鋼筋價格指數,2016-01-07,327.0,327.0,327.0,327.0
鋼筋價格指數,2016-01-06,327.0,327.0,327.0,327.0
鋼筋價格指數,2016-01-05,327.0,327.0,327.0,327.0
鋼筋價格指數,2016-01-04,327.0,327.0,327.0,327.0
鋼筋價格指數,2015-12-31,326.38,326.38,326.38,326.38
鋼筋價格指數,2015-12-30,326.0,326.0,326.0,326.0
鋼筋價格指數,2015-12-29,326.0,326.0,326.0,326.0
鋼筋價格指數,2015-12-24,326.0,326.0,326.0,326.0
鋼筋價格指數,2015-12-23,326.0,326.0,326.0,326.0
鋼筋價格指數,2015-12-22,326.0,326.0,326.0,326.0
鋼筋價格指數,2015-12-21,326.0,326.0,326.0,326.0
鋼筋價格指數,2015-12-18,326.0,326.0,326.0,326.0
鋼筋價格指數,2015-12-17,325.0,325.0,325.0,325.0
鋼筋價格指數,2015-12-16,325.0,325.0,325.0,325.0
鋼筋價格指數,2015-12-15,325.0,325.0,325.0,325.0
鋼筋價格指數,2015-12-14,325.0,325.0,325.0,325.0
鋼筋價格指數,2015-12-11,325.0,325.0,325.0,325.0
鋼筋價格指數,2015-12-10,325.0,325.0,325.0,325.0
鋼筋價格指數,2015-12-09,325.0,325.0,325.0,325.0
鋼筋價格指數,2015-12-08,325.0,325.0,325.0,325.0
鋼筋價格指數,2015-12-07,330.0,330.0,330.0,330.0
鋼筋價格指數,2015-12-04,330.0,330.0,330.0,330.0
鋼筋價格指數,2015-12-03,330.0,330.0,330.0,330.0
鋼筋價格指數,2015-12-02,330.0,330.0,330.0,330.0
鋼筋價格指數,2015-12-01,330.0,330.0,330.0,330.0
鋼筋價格指數,2015-11-30,341.33,341.33,341.33,341.33
鋼筋價格指數,2015-11-27,334.0,334.0,334.0,334.0
鋼筋價格指數,2015-11-26,334.0,334.0,334.0,334.0
鋼筋價格指數,2015-11-25,335.0,335.0,335.0,335.0
鋼筋價格指數,2015-11-24,337.0,337.0,337.0,337.0
