ds,trend,yhat_lower,yhat_upper,trend_lower,trend_upper,additive_terms,additive_terms_lower,additive_terms_upper,yearly,yearly_lower,yearly_upper,multiplicative_terms,multiplicative_terms_lower,multiplicative_terms_upper,yhat
2010-01-01,-5070400.644372616,-80546514.48015173,189575964.43514484,-5070400.644372616,-5070400.644372616,53614557.370108366,53614557.370108366,53614557.370108366,53614557.370108366,53614557.370108366,53614557.370108366,0.0,0.0,0.0,48544156.725735754
2010-02-01,-8484875.36229754,-119664927.23226823,151103895.56304613,-8484875.36229754,-8484875.36229754,26875969.350243654,26875969.350243654,26875969.350243654,26875969.350243654,26875969.350243654,26875969.350243654,0.0,0.0,0.0,18391093.987946115
2010-03-01,-11568917.024817526,-108491788.38768665,166894540.24367157,-11568917.024817526,-11568917.024817526,46613694.573597774,46613694.573597774,46613694.573597774,46613694.573597774,46613694.573597774,46613694.573597774,0.0,0.0,0.0,35044777.54878025
2010-04-01,-14983391.736736504,-105937637.76735334,160134436.23926255,-14983391.736736504,-14983391.736736504,47937228.540520236,47937228.540520236,47937228.540520236,47937228.540520236,47937228.540520236,47937228.540520236,0.0,0.0,0.0,32953836.80378373
2010-05-01,-18287722.11523985,-137867232.34523392,123683000.64486223,-18287722.11523985,-18287722.11523985,14906584.47122203,14906584.47122203,14906584.47122203,14906584.47122203,14906584.47122203,14906584.47122203,0.0,0.0,0.0,-3381137.644017821
2010-06-01,-21702196.833392493,-135661865.45556784,122709601.67328584,-21702196.833392493,-21702196.833392493,16699163.404200971,16699163.404200971,16699163.404200971,16699163.404200971,16699163.404200971,16699163.404200971,0.0,0.0,0.0,-5003033.429191522
2010-07-01,-25006527.22221097,-158513347.62249756,111170172.26762274,-25006527.22221097,-25006527.22221097,12382587.297426403,12382587.297426403,12382587.297426403,12382587.297426403,12382587.297426403,12382587.297426403,0.0,0.0,0.0,-12623939.924784567
2010-08-01,-28421001.97087383,-181707269.21635506,103392509.4506995,-28421001.97087383,-28421001.97087383,-14005901.855144318,-14005901.855144318,-14005901.855144318,-14005901.855144318,-14005901.855144318,-14005901.855144318,0.0,0.0,0.0,-42426903.82601815
2010-09-01,-31835476.73712084,-166170998.0355172,105299265.079793,-31835476.73712084,-31835476.73712084,-6458128.849443476,-6458128.849443476,-6458128.849443476,-6458128.849443476,-6458128.849443476,-6458128.849443476,0.0,0.0,0.0,-38293605.58656432
2010-10-01,-35139807.15629898,-167098679.4713868,98631229.6803245,-35139807.15629898,-35139807.15629898,6352849.748740567,6352849.748740567,6352849.748740567,6352849.748740567,6352849.748740567,6352849.748740567,0.0,0.0,0.0,-28786957.40755841
2010-11-01,-38554281.9264196,-191456519.0640153,80820322.94575413,-38554281.9264196,-38554281.9264196,-16273236.134559222,-16273236.134559222,-16273236.134559222,-16273236.134559222,-16273236.134559222,-16273236.134559222,0.0,0.0,0.0,-54827518.06097882
2010-12-01,-41858612.34287241,-160760103.5217446,114692790.21057868,-41858612.34287241,-41858612.34287241,11500979.927747557,11500979.927747557,11500979.927747557,11500979.927747557,11500979.927747557,11500979.927747557,0.0,0.0,0.0,-30357632.415124856
2011-01-01,-45273087.10296256,-161114786.74377778,119944271.61946031,-45273087.10296256,-45273087.10296256,27464447.00384391,27464447.00384391,27464447.00384391,27464447.00384391,27464447.00384391,27464447.00384391,0.0,0.0,0.0,-17808640.09911865
2011-02-01,-48687561.85912822,-180018731.09982425,93975125.75578116,-48687561.85912822,-48687561.85912822,14557352.127670983,14557352.127670983,14557352.127670983,14557352.127670983,14557352.127670983,14557352.127670983,0.0,0.0,0.0,-34130209.73145724
2011-03-01,-51771603.5953665,-114415956.61326669,153061325.73375455,-51771603.5953665,-51771603.5953665,78099380.93600968,78099380.93600968,78099380.93600968,78099380.93600968,78099380.93600968,78099380.93600968,0.0,0.0,0.0,26327777.340643175
2011-04-01,-55186078.356276385,-142287699.36729467,141404913.33314866,-55186078.356276385,-55186078.356276385,57847519.706635535,57847519.706635535,57847519.706635535,57847519.706635535,57847519.706635535,57847519.706635535,0.0,0.0,0.0,2661441.3503591493
2011-05-01,-58490408.766527906,-182340101.76427546,89976890.73235808,-58490408.766527906,-58490408.766527906,8125898.6036323765,8125898.6036323765,8125898.6036323765,8125898.6036323765,8125898.6036323765,8125898.6036323765,0.0,0.0,0.0,-50364510.16289553
2011-06-01,-61904883.54472721,-204376434.96706754,76572122.01224136,-61904883.54472721,-61904883.54472721,1543984.9510462636,1543984.9510462636,1543984.9510462636,1543984.9510462636,1543984.9510462636,1543984.9510462636,0.0,0.0,0.0,-60360898.59368095
2011-07-01,-65209213.957488514,-192530761.23265356,88286119.03684565,-65209213.957488514,-65209213.957488514,8804554.68656566,8804554.68656566,8804554.68656566,8804554.68656566,8804554.68656566,8804554.68656566,0.0,0.0,0.0,-56404659.270922855
2011-08-01,-68623688.7205263,-219723377.4335085,49936860.203692526,-68623688.7205263,-68623688.7205263,-17451810.990596347,-17451810.990596347,-17451810.990596347,-17451810.990596347,-17451810.990596347,-17451810.990596347,0.0,0.0,0.0,-86075499.71112263
2011-09-01,-72038163.48219384,-200879868.37638858,70218371.45830286,-72038163.48219384,-72038163.48219384,-2647001.5108558787,-2647001.5108558787,-2647001.5108558787,-2647001.5108558787,-2647001.5108558787,-2647001.5108558787,0.0,0.0,0.0,-74685164.99304973
2011-10-01,-75342493.90991908,-187238249.2323448,89357267.40317155,-75342493.90991908,-75342493.90991908,18145299.165975202,18145299.165975202,18145299.165975202,18145299.165975202,18145299.165975202,18145299.165975202,0.0,0.0,0.0,-57197194.743943885
2011-11-01,-78756317.59020522,-210652937.72805363,59017758.09883956,-78756317.59020522,-78756317.59020522,3547135.8149753273,3547135.8149753273,3547135.8149753273,3547135.8149753273,3547135.8149753273,3547135.8149753273,0.0,0.0,0.0,-75209181.7752299
2011-12-01,-82059784.05891779,-220618600.74050152,47071164.25941166,-82059784.05891779,-82059784.05891779,-3447477.2760917647,-3447477.2760917647,-3447477.2760917647,-3447477.2760917647,-3447477.2760917647,-3447477.2760917647,0.0,0.0,0.0,-85507261.33500956
2012-01-01,-75145506.09865384,-207881628.29683498,56601002.144277565,-75145506.09865384,-75145506.09865384,1389213.7138364108,1389213.7138364108,1389213.7138364108,1389213.7138364108,1389213.7138364108,1389213.7138364108,0.0,0.0,0.0,-73756292.38481742
2012-02-01,-68231228.13838989,-209982900.01051375,66331379.22632529,-68231228.13838989,-68231228.13838989,3091736.8286065655,3091736.8286065655,3091736.8286065655,3091736.8286065655,3091736.8286065655,3091736.8286065655,0.0,0.0,0.0,-65139491.30978332
2012-03-01,-61763032.62717523,-209853181.82729685,64383299.20573309,-61763032.62717523,-61763032.62717523,-15536134.576670168,-15536134.576670168,-15536134.576670168,-15536134.576670168,-15536134.576670168,-15536134.576670168,0.0,0.0,0.0,-77299167.2038454
2012-04-01,-54848754.666911244,-169031414.46171963,109144593.82020722,-54848754.666911244,-54848754.666911244,26447554.831285633,26447554.831285633,26447554.831285633,26447554.831285633,26447554.831285633,26447554.831285633,0.0,0.0,0.0,-28401199.83562561
2012-05-01,-48157517.931171946,-152021656.1396888,117380514.18833736,-48157517.931171946,-48157517.931171946,26851434.73479204,26851434.73479204,26851434.73479204,26851434.73479204,26851434.73479204,26851434.73479204,0.0,0.0,0.0,-21306083.196379907
2012-06-01,-41243239.97090798,-130958650.58683522,140974797.6063945,-41243239.97090798,-41243239.97090798,46685086.68107797,46685086.68107797,46685086.68107797,46685086.68107797,46685086.68107797,46685086.68107797,0.0,0.0,0.0,5441846.710169993
2012-07-01,-34552003.23516868,-143040283.65799588,131984975.47365417,-34552003.23516868,-34552003.23516868,20243802.6413639,20243802.6413639,20243802.6413639,20243802.6413639,20243802.6413639,20243802.6413639,0.0,0.0,0.0,-14308200.59380478
2012-08-01,-27637725.27490476,-171445349.93856817,106846747.0227546,-27637725.27490476,-27637725.27490476,-6153608.08824051,-6153608.08824051,-6153608.08824051,-6153608.08824051,-6153608.08824051,-6153608.08824051,0.0,0.0,0.0,-33791333.36314527
2012-09-01,-20723447.314640757,-172071824.26795697,97896975.9328798,-20723447.314640757,-20723447.314640757,-12983017.291031392,-12983017.291031392,-12983017.291031392,-12983017.291031392,-12983017.291031392,-12983017.291031392,0.0,0.0,0.0,-33706464.60567215
2012-10-01,-14032210.578901457,-166472782.91868636,101431236.64221051,-14032210.578901457,-14032210.578901457,-16855802.76941236,-16855802.76941236,-16855802.76941236,-16855802.76941236,-16855802.76941236,-16855802.76941236,0.0,0.0,0.0,-30888013.348313816
2012-11-01,-7117932.618637495,-199853784.69610792,65457116.942804426,-7117932.618637495,-7117932.618637495,-57430891.00810592,-57430891.00810592,-57430891.00810592,-57430891.00810592,-57430891.00810592,-57430891.00810592,0.0,0.0,0.0,-64548823.62674341
2012-12-01,-426695.8828981933,-105165740.34832844,174157861.88439277,-426695.8828981933,-426695.8828981933,39194758.700507686,39194758.700507686,39194758.700507686,39194758.700507686,39194758.700507686,39194758.700507686,0.0,0.0,0.0,38768062.81760949
2013-01-01,6487582.077365726,-50901253.21187865,228192290.71092713,6487582.077365726,6487582.077365726,79800634.99838401,79800634.99838401,79800634.99838401,79800634.99838401,79800634.99838401,79800634.99838401,0.0,0.0,0.0,86288217.07574974
2013-02-01,13401860.03762973,-84867054.74806997,185544723.1080275,13401860.03762973,13401860.03762973,40030395.037358366,40030395.037358366,40030395.037358366,40030395.037358366,40030395.037358366,40030395.037358366,0.0,0.0,0.0,53432255.0749881
2013-03-01,19647014.324319754,-104476026.70595384,155061053.04301763,19647014.324319754,19647014.324319754,15388407.292972207,15388407.292972207,15388407.292972207,15388407.292972207,15388407.292972207,15388407.292972207,0.0,0.0,0.0,35035421.61729196
2013-04-01,26561292.284583673,-69268262.96132685,198838947.97283965,26561292.284583673,26561292.284583673,37463492.04044492,37463492.04044492,37463492.04044492,37463492.04044492,37463492.04044492,37463492.04044492,0.0,0.0,0.0,64024784.32502859
2013-05-01,33252529.020323016,-79317197.8331084,192679250.4350003,33252529.020323016,33252529.020323016,21151432.96813852,21151432.96813852,21151432.96813852,21151432.96813852,21151432.96813852,21151432.96813852,0.0,0.0,0.0,54403961.98846154
2013-06-01,40166806.98058694,-64176401.49488868,211249670.17917144,40166806.98058694,40166806.98058694,31753471.454977673,31753471.454977673,31753471.454977673,31753471.454977673,31753471.454977673,31753471.454977673,0.0,0.0,0.0,71920278.4355646
2013-07-01,46858043.71632624,-80094566.08902419,195662998.0082862,46858043.71632624,46858043.71632624,16199423.182980299,16199423.182980299,16199423.182980299,16199423.182980299,16199423.182980299,16199423.182980299,0.0,0.0,0.0,63057466.899306536
2013-08-01,53772321.67659024,-102612579.11325023,175476008.89736122,53772321.67659024,53772321.67659024,-10238149.889446748,-10238149.889446748,-10238149.889446748,-10238149.889446748,-10238149.889446748,-10238149.889446748,0.0,0.0,0.0,43534171.78714349
2013-09-01,60686599.63685416,-71311848.92327638,191085256.11734477,60686599.63685416,60686599.63685416,-9905893.608687835,-9905893.608687835,-9905893.608687835,-9905893.608687835,-9905893.608687835,-9905893.608687835,0.0,0.0,0.0,50780706.028166324
2013-10-01,67377836.3725935,-70029218.97899519,194976550.76588213,67377836.3725935,67377836.3725935,-5321478.895127192,-5321478.895127192,-5321478.895127192,-5321478.895127192,-5321478.895127192,-5321478.895127192,0.0,0.0,0.0,62056357.477466315
2013-11-01,74292114.33285743,-89097967.16188991,178501706.28551054,74292114.33285743,74292114.33285743,-36607399.498607695,-36607399.498607695,-36607399.498607695,-36607399.498607695,-36607399.498607695,-36607399.498607695,0.0,0.0,0.0,37684714.834249735
2013-12-01,80983351.06859672,-33300842.62296487,241542333.30835333,80983351.06859672,80983351.06859672,25721773.894221112,25721773.894221112,25721773.894221112,25721773.894221112,25721773.894221112,25721773.894221112,0.0,0.0,0.0,106705124.96281783
2014-01-01,87897629.02886069,7019117.767671252,270330542.94170594,87897629.02886069,87897629.02886069,53614557.369973585,53614557.369973585,53614557.369973585,53614557.369973585,53614557.369973585,53614557.369973585,0.0,0.0,0.0,141512186.3988343
2014-02-01,94811906.98912464,-9067199.288322685,257672964.05134293,94811906.98912464,94811906.98912464,26875969.350225877,26875969.350225877,26875969.350225877,26875969.350225877,26875969.350225877,26875969.350225877,0.0,0.0,0.0,121687876.33935052
2014-03-01,101057061.27581467,13281543.562710434,284562586.17466235,101057061.27581467,101057061.27581467,46613694.5738126,46613694.5738126,46613694.5738126,46613694.5738126,46613694.5738126,46613694.5738126,0.0,0.0,0.0,147670755.84962726
2014-04-01,107971339.23607863,22625208.35087223,295530078.31474906,107971339.23607863,107971339.23607863,47937228.540499024,47937228.540499024,47937228.540499024,47937228.540499024,47937228.540499024,47937228.540499024,0.0,0.0,0.0,155908567.77657765
2014-05-01,114662575.97181794,1264946.944686,271732623.023908,114662575.97181794,114662575.97181794,14906584.471259382,14906584.471259382,14906584.471259382,14906584.471259382,14906584.471259382,14906584.471259382,0.0,0.0,0.0,129569160.44307733
2014-06-01,121576853.93208194,8582616.69206973,274116741.61711913,121576853.93208194,121576853.93208194,16699163.404096015,16699163.404096015,16699163.404096015,16699163.404096015,16699163.404096015,16699163.404096015,0.0,0.0,0.0,138276017.33617795
2014-07-01,128268090.66782124,2944847.343514181,273437278.17511266,128268090.66782124,128268090.66782124,12382587.297501504,12382587.297501504,12382587.297501504,12382587.297501504,12382587.297501504,12382587.297501504,0.0,0.0,0.0,140650677.96532273
2014-08-01,135182368.6280852,-17892666.133571986,254215290.35909346,135182368.6280852,135182368.6280852,-14005901.855153939,-14005901.855153939,-14005901.855153939,-14005901.855153939,-14005901.855153939,-14005901.855153939,0.0,0.0,0.0,121176466.77293126
2014-09-01,142096646.58834907,91602.28045934052,273155451.1340476,142096646.58834907,142096646.58834907,-6458128.84942088,-6458128.84942088,-6458128.84942088,-6458128.84942088,-6458128.84942088,-6458128.84942088,0.0,0.0,0.0,135638517.7389282
2014-10-01,148787883.32408836,19817606.562999234,278303122.0706853,148787883.32408836,148787883.32408836,6352849.748713087,6352849.748713087,6352849.748713087,6352849.748713087,6352849.748713087,6352849.748713087,0.0,0.0,0.0,155140733.07280144
2014-11-01,155702161.2843524,6628346.000133332,274330523.05444956,155702161.2843524,155702161.2843524,-16273236.134586051,-16273236.134586051,-16273236.134586051,-16273236.134586051,-16273236.134586051,-16273236.134586051,0.0,0.0,0.0,139428925.14976633
2014-12-01,162393398.02009168,49361518.077867284,318703198.17818934,162393398.02009168,162393398.02009168,11500979.927756865,11500979.927756865,11500979.927756865,11500979.927756865,11500979.927756865,11500979.927756865,0.0,0.0,0.0,173894377.94784856
2015-01-01,169307675.98035568,64466153.700311854,333278399.3115583,169307675.98035568,169307675.98035568,27464447.003811505,27464447.003811505,27464447.003811505,27464447.003811505,27464447.003811505,27464447.003811505,0.0,0.0,0.0,196772122.9841672
2015-02-01,176221953.94061962,55519401.15674081,321838984.2024755,176221953.94061962,176221953.94061962,14557352.12770494,14557352.12770494,14557352.12770494,14557352.12770494,14557352.12770494,14557352.12770494,0.0,0.0,0.0,190779306.06832457
2015-03-01,182467108.22730967,124537828.529456,393067971.3479712,182467108.22730967,182467108.22730967,78099380.93607403,78099380.93607403,78099380.93607403,78099380.93607403,78099380.93607403,78099380.93607403,0.0,0.0,0.0,260566489.16338372
2015-04-01,189381386.18757358,116994967.90894929,384417948.8903344,189381386.18757358,189381386.18757358,57847519.706626646,57847519.706626646,57847519.706626646,57847519.706626646,57847519.706626646,57847519.706626646,0.0,0.0,0.0,247228905.89420024
2015-05-01,196072622.9233129,74560741.32621801,335214429.3307582,196072622.9233129,196072622.9233129,8125898.603671993,8125898.603671993,8125898.603671993,8125898.603671993,8125898.603671993,8125898.603671993,0.0,0.0,0.0,204198521.5269849
2015-06-01,202986900.8835768,78057735.32491484,334817127.9405614,202986900.8835768,202986900.8835768,1543984.9510456873,1543984.9510456873,1543984.9510456873,1543984.9510456873,1543984.9510456873,1543984.9510456873,0.0,0.0,0.0,204530885.8346225
2015-07-01,209678137.6193162,88072533.86655001,353195714.53569835,209678137.6193162,209678137.6193162,8804554.686536063,8804554.686536063,8804554.686536063,8804554.686536063,8804554.686536063,8804554.686536063,0.0,0.0,0.0,218482692.30585226
2015-08-01,216592415.57958013,68817506.79893123,322086473.7097392,216592415.57958013,216592415.57958013,-17451810.990554236,-17451810.990554236,-17451810.990554236,-17451810.990554236,-17451810.990554236,-17451810.990554236,0.0,0.0,0.0,199140604.58902588
2015-09-01,223506693.53984404,91172055.06403331,364676630.3596344,223506693.53984404,223506693.53984404,-2647001.5109592574,-2647001.5109592574,-2647001.5109592574,-2647001.5109592574,-2647001.5109592574,-2647001.5109592574,0.0,0.0,0.0,220859692.02888477
2015-10-01,230197930.27558333,106649474.4091788,386286330.6946865,230197930.27558333,230197930.27558333,18145299.165948916,18145299.165948916,18145299.165948916,18145299.165948916,18145299.165948916,18145299.165948916,0.0,0.0,0.0,248343229.44153225
2015-11-01,237112208.23584735,89971241.45088626,378327121.78835744,237112208.23584735,237112208.23584735,3547135.8148969756,3547135.8148969756,3547135.8148969756,3547135.8148969756,3547135.8148969756,3547135.8148969756,0.0,0.0,0.0,240659344.05074432
2015-12-01,243803444.97158664,110612812.68433008,380663494.13344395,243803444.97158664,243803444.97158664,-3447477.276089333,-3447477.276089333,-3447477.276089333,-3447477.276089333,-3447477.276089333,-3447477.276089333,0.0,0.0,0.0,240355967.6954973
2016-01-01,250717722.93185064,122418238.88902959,392706694.6311751,250717722.93185064,250717722.93185064,1389213.7138509785,1389213.7138509785,1389213.7138509785,1389213.7138509785,1389213.7138509785,1389213.7138509785,0.0,0.0,0.0,252106936.64570162
2016-02-01,257632000.8921145,122470937.03456819,402181789.93481874,257632000.8921145,257632000.8921145,3091736.8285531574,3091736.8285531574,3091736.8285531574,3091736.8285531574,3091736.8285531574,3091736.8285531574,0.0,0.0,0.0,260723737.72066766
2016-03-01,264100196.40332925,111298817.05610658,379353894.72176594,264100196.40332925,264100196.40332925,-15536134.576720243,-15536134.576720243,-15536134.576720243,-15536134.576720243,-15536134.576720243,-15536134.576720243,0.0,0.0,0.0,248564061.82660902
2016-04-01,271014474.36359316,162479463.36703256,431837311.2143835,271014474.36359316,271014474.36359316,26447554.831272934,26447554.831272934,26447554.831272934,26447554.831272934,26447554.831272934,26447554.831272934,0.0,0.0,0.0,297462029.1948661
2016-05-01,277705711.09933245,162222812.68255776,440817071.418804,277705711.09933245,277705711.09933245,26851434.734683797,26851434.734683797,26851434.734683797,26851434.734683797,26851434.734683797,26851434.734683797,0.0,0.0,0.0,304557145.83401626
2016-06-01,284619989.0595965,205301276.01057288,464899176.87452817,284619989.0595965,284619989.0595965,46685086.6811884,46685086.6811884,46685086.6811884,46685086.6811884,46685086.6811884,46685086.6811884,0.0,0.0,0.0,331305075.7407849
2016-07-01,291311225.79533577,170665963.21364182,446328994.5403414,291311225.79533577,291311225.79533577,20243802.641375072,20243802.641375072,20243802.641375072,20243802.641375072,20243802.641375072,20243802.641375072,0.0,0.0,0.0,311555028.43671083
2016-08-01,298225503.7555997,149173175.96593136,430173270.2397174,298225503.7555997,298225503.7555997,-6153608.088265139,-6153608.088265139,-6153608.088265139,-6153608.088265139,-6153608.088265139,-6153608.088265139,0.0,0.0,0.0,292071895.66733456
2016-09-01,305139781.71586365,156741225.70459065,430134994.9900427,305139781.71586365,305139781.71586365,-12983017.291034704,-12983017.291034704,-12983017.291034704,-12983017.291034704,-12983017.291034704,-12983017.291034704,0.0,0.0,0.0,292156764.42482895
2016-10-01,311831018.45160294,152610115.0005356,418280980.49772376,311831018.45160294,311831018.45160294,-16855802.769452393,-16855802.769452393,-16855802.769452393,-16855802.769452393,-16855802.769452393,-16855802.769452393,0.0,0.0,0.0,294975215.68215054
2016-11-01,318745296.4118669,128042242.06319265,391856599.1608885,318745296.4118669,318745296.4118669,-57430891.00813551,-57430891.00813551,-57430891.00813551,-57430891.00813551,-57430891.00813551,-57430891.00813551,0.0,0.0,0.0,261314405.4037314
2016-12-01,325436533.1476062,230873418.4558394,509631967.43444073,325436533.1476062,325436533.1476062,39194758.7004043,39194758.7004043,39194758.7004043,39194758.7004043,39194758.7004043,39194758.7004043,0.0,0.0,0.0,364631291.8480105
2017-01-01,332350811.1078702,273892822.44878674,550684410.671907,332350811.1078702,332350811.1078702,79800634.99835259,79800634.99835259,79800634.99835259,79800634.99835259,79800634.99835259,79800634.99835259,0.0,0.0,0.0,412151446.1062228
2017-02-01,339265089.0681341,253706849.27413237,516582128.33657855,339265089.0681341,339265089.0681341,40030395.037362725,40030395.037362725,40030395.037362725,40030395.037362725,40030395.037362725,40030395.037362725,0.0,0.0,0.0,379295484.1054969
2017-03-01,345510243.3548242,229094001.19497216,483947860.33870405,345510243.3548242,345510243.3548242,15388407.292960448,15388407.292960448,15388407.292960448,15388407.292960448,15388407.292960448,15388407.292960448,0.0,0.0,0.0,360898650.64778465
2017-04-01,352424521.31508815,245567472.25781694,530252451.44348925,352424521.31508815,352424521.31508815,37463492.04059311,37463492.04059311,37463492.04059311,37463492.04059311,37463492.04059311,37463492.04059311,0.0,0.0,0.0,389888013.35568124
2017-05-01,359115758.05082744,236609883.75380236,510304143.76561755,359115758.05082744,359115758.05082744,21151432.968176376,21151432.968176376,21151432.968176376,21151432.968176376,21151432.968176376,21151432.968176376,0.0,0.0,0.0,380267191.0190038
2017-06-01,366030036.01109135,252900697.31778303,529265983.5364157,366030036.01109135,366030036.01109135,31753471.454854995,31753471.454854995,31753471.454854995,31753471.454854995,31753471.454854995,31753471.454854995,0.0,0.0,0.0,397783507.4659463
2017-07-01,372721272.74683076,246761586.57872108,521427461.0862984,372721272.74683076,372721272.74683076,16199423.183199529,16199423.183199529,16199423.183199529,16199423.183199529,16199423.183199529,16199423.183199529,0.0,0.0,0.0,388920695.9300303
2017-08-01,379635550.70709467,237568095.07064748,496386420.2345915,379635550.70709467,379635550.70709467,-10238149.889420884,-10238149.889420884,-10238149.889420884,-10238149.889420884,-10238149.889420884,-10238149.889420884,0.0,0.0,0.0,369397400.8176738
2017-09-01,386549828.6673586,242023812.9535616,510300647.2717801,386549828.6673586,386549828.6673586,-9905893.608643355,-9905893.608643355,-9905893.608643355,-9905893.608643355,-9905893.608643355,-9905893.608643355,0.0,0.0,0.0,376643935.0587152
2017-10-01,393241065.40309787,254211852.40090096,523528132.62195665,393241065.40309787,393241065.40309787,-5321478.895150081,-5321478.895150081,-5321478.895150081,-5321478.895150081,-5321478.895150081,-5321478.895150081,0.0,0.0,0.0,387919586.5079478
2017-11-01,400155343.3633619,219357772.45674598,492451916.86745393,400155343.3633619,400155343.3633619,-36607399.49868336,-36607399.49868336,-36607399.49868336,-36607399.49868336,-36607399.49868336,-36607399.49868336,0.0,0.0,0.0,363547943.8646785
2017-12-01,406846580.0991012,294821471.59070885,566540212.8097246,406846580.0991012,406846580.0991012,25721773.89421784,25721773.89421784,25721773.89421784,25721773.89421784,25721773.89421784,25721773.89421784,0.0,0.0,0.0,432568353.99331903
2017-12-31,413537816.8348405,235367915.28881052,500513474.1075842,413537816.8348405,413550258.2761582,-50381849.12719827,-50381849.12719827,-50381849.12719827,-50381849.12719827,-50381849.12719827,-50381849.12719827,0.0,0.0,0.0,363155967.7076422
2018-01-31,420452094.7951044,268026301.53067538,534064042.0486314,420269608.91273296,420701789.45690334,-17219656.170293212,-17219656.170293212,-17219656.170293212,-17219656.170293212,-17219656.170293212,-17219656.170293212,0.0,0.0,0.0,403232438.6248112
2018-02-28,426697249.08179444,455951220.1245327,741355586.6644963,426224177.3823339,427352969.31810766,173707853.49132836,173707853.49132836,173707853.49132836,173707853.49132836,173707853.49132836,173707853.49132836,0.0,0.0,0.0,600405102.5731227
2018-03-31,433611527.0420584,379007932.8907045,659087820.1895626,432654058.84580266,434966746.0798059,84000240.86550586,84000240.86550586,84000240.86550586,84000240.86550586,84000240.86550586,84000240.86550586,0.0,0.0,0.0,517611767.9075643
2018-04-30,440302763.7777977,287140063.9443854,554045638.067866,438822749.00976825,442384381.56238025,-15325317.881229144,-15325317.881229144,-15325317.881229144,-15325317.881229144,-15325317.881229144,-15325317.881229144,0.0,0.0,0.0,424977445.89656854
2018-05-31,447217041.73806167,259801960.90964562,545176889.5562654,444987958.6222339,450073346.4084003,-44304893.610616595,-44304893.610616595,-44304893.610616595,-44304893.610616595,-44304893.610616595,-44304893.610616595,0.0,0.0,0.0,402912148.1274451
2018-06-30,453908278.473801,304196096.1802987,589841887.8801085,450877170.07111794,457606796.97263473,-391367.51004899095,-391367.51004899095,-391367.51004899095,-391367.51004899095,-391367.51004899095,-391367.51004899095,0.0,0.0,0.0,453516910.96375203
2018-07-31,460822556.4340649,299791475.5527341,571837988.9417648,456948532.20866203,465083321.5780439,-25818140.83064175,-25818140.83064175,-25818140.83064175,-25818140.83064175,-25818140.83064175,-25818140.83064175,0.0,0.0,0.0,435004415.6034232
2018-08-31,467736834.394329,347440504.2262052,608906800.2535499,462942446.35615957,472850741.4824241,10883036.998957405,10883036.998957405,10883036.998957405,10883036.998957405,10883036.998957405,10883036.998957405,0.0,0.0,0.0,478619871.3932864
2018-09-30,474428071.1300683,399401486.99707514,669715532.3382711,468732124.1177031,480776933.7051133,54010680.452801935,54010680.452801935,54010680.452801935,54010680.452801935,54010680.452801935,54010680.452801935,0.0,0.0,0.0,528438751.58287024
2018-10-31,481342349.09033215,408779128.66413665,681026159.6777272,474693335.2342829,488884563.4187093,59696282.62547147,59696282.62547147,59696282.62547147,59696282.62547147,59696282.62547147,59696282.62547147,0.0,0.0,0.0,541038631.7158036
2018-11-30,488033585.82607144,292662602.5394034,577960832.0953076,480387598.4704147,496673278.752137,-52437959.529334314,-52437959.529334314,-52437959.529334314,-52437959.529334314,-52437959.529334314,-52437959.529334314,0.0,0.0,0.0,435595626.29673713
2018-12-31,494947863.78633535,294448180.3643564,560505836.1371198,486324475.5966876,504567165.5838366,-76000929.15794389,-76000929.15794389,-76000929.15794389,-76000929.15794389,-76000929.15794389,-76000929.15794389,0.0,0.0,0.0,418946934.62839144
2019-01-31,501862141.74659944,339153735.27922845,604905433.7212104,492115249.64440274,512560789.9312787,-26039060.54738911,-26039060.54738911,-26039060.54738911,-26039060.54738911,-26039060.54738911,-26039060.54738911,0.0,0.0,0.0,475823081.19921035
2019-02-28,508107296.0332894,575461635.999478,853511225.0330698,497419098.94208956,519979106.84252024,205822114.1789899,205822114.1789899,205822114.1789899,205822114.1789899,205822114.1789899,205822114.1789899,0.0,0.0,0.0,713929410.2122793
2019-03-31,515021573.99355346,472235209.2033864,749068505.5414019,503163709.17622316,527824433.7191042,91464541.33013357,91464541.33013357,91464541.33013357,91464541.33013357,91464541.33013357,91464541.33013357,0.0,0.0,0.0,606486115.3236871
2019-04-30,521712810.72929263,357875771.6803819,635333555.3640903,508802665.1352504,536176698.60178596,-24138353.93424653,-24138353.93424653,-24138353.93424653,-24138353.93424653,-24138353.93424653,-24138353.93424653,0.0,0.0,0.0,497574456.7950461
2019-05-31,528627088.68955666,333294847.1783912,612665901.2471267,514520976.3463278,544175840.4659524,-59640734.01661001,-59640734.01661001,-59640734.01661001,-59640734.01661001,-59640734.01661001,-59640734.01661001,0.0,0.0,0.0,468986354.67294663
2019-06-30,535318325.4252959,395758951.0682533,675201598.2608193,519726259.89737284,552234983.7087594,-2911418.3851246038,-2911418.3851246038,-2911418.3851246038,-2911418.3851246038,-2911418.3851246038,-2911418.3851246038,0.0,0.0,0.0,532406907.04017127
2019-07-31,542232603.38556,390854665.40439737,651554288.5675212,525091884.2216652,560173035.2667947,-27939778.24347627,-27939778.24347627,-27939778.24347627,-27939778.24347627,-27939778.24347627,-27939778.24347627,0.0,0.0,0.0,514292825.14208376
2019-08-31,549146881.3458239,419116472.07812834,692586162.0733658,530306460.5725654,568625927.4756404,16060647.914707575,16060647.914707575,16060647.914707575,16060647.914707575,16060647.914707575,16060647.914707575,0.0,0.0,0.0,565207529.2605314
2019-09-30,555838118.0815631,494438401.02282363,764604557.7500281,535454529.04073817,576185255.0727013,66054609.44018898,66054609.44018898,66054609.44018898,66054609.44018898,66054609.44018898,66054609.44018898,0.0,0.0,0.0,621892727.5217521
2019-10-31,562752396.0418271,499324660.78474104,785694717.9805644,540543212.675612,584627560.9455868,77237641.58143114,77237641.58143114,77237641.58143114,77237641.58143114,77237641.58143114,77237641.58143114,0.0,0.0,0.0,639990037.6232582
2019-11-30,569443632.7775663,360444688.9070405,636135946.5522736,545918889.0648453,592922763.8440685,-70070003.73496322,-70070003.73496322,-70070003.73496322,-70070003.73496322,-70070003.73496322,-70070003.73496322,0.0,0.0,0.0,499373629.0426031
